Symbol,Description,Open 1 day,High 1 day,Low 1 day,Price,Volume 1 day,Price Change % 1 day
786,786 INVESTMENTS LTD,10.27,10.27,9.6,9.8,36677,-2.097902098
AABS,AL-ABBAS SUGAR MILLS LTD,929,929,910,914.15,59,0.180821918
AATM,ALI ASGHAR TEXTILE MILLS LTD (defaulter),56,56,51.02,52.26,198389,-7.602545969
ABL,ALLIED BANK LTD,196.1,199,186.5,188.33,651078,-3.932870843
ABOT,ABBOTT LABORATORIES (PAKISTAN) LTD,1079,1081,1063.51,1069.31,5417,-0.692812764
ACPL,ATTOCK CEMENT PAKISTAN LTD,277.15,277.99,272,273.63,79727,-1.359048306
ADAMS,ADAM SUGAR MILLS LTD,75.44,81.53,75.44,77.95,82608,5.167296276
ADMM,ARTISTIC DENIM MILLS LTD,66.2,67.98,65.15,65.87,16346,-1.818452825
AGHA,AGHA STEEL INDUSTRIES LIMITED,8.88,9.07,8.65,8.98,1266345,2.863688431
AGIC,ASKARI GENERAL INSURANCE CO. LTD,45.3,46.97,45,45.15,7096,-0.769230769
AGIL,AGRIAUTO INDUSTRIES LTD,143.51,146.9,138.05,145.7,99309,2.324601447
AGL,AGRITECH LTD,57.99,62.55,55,58.84,919977,3.482237074
AGP,AGP LTD,192.1,196.01,192.1,194.96,135857,1.536378314
AGSML,ABDULLAH SHAH GHAZI SUGAR MILLS LTD,9.6,9.6,8.99,9.15,181028,-1.506996771
AGTL,AL-GHAZI TRACTORS LTD,428.5,428.5,424,425.03,17769,0.214561916
AHCL,ARIF HABIB CORPORATION LTD,11.62,12.77,11.55,12.75,11355272,9.819121447
AHL,ARIF HABIB LTD,81.48,81.48,79,79.99,33560,-0.0125
AHTM,AHMED HASSAN TEXTILE MILLS LTD,99.98,99.98,84.96,85.04,3937,-9.915254237
AICL,ADAMJEE INSURANCE CO LTD,69.5,70.9,68.3,68.65,389741,-1.928571429
AIRLINK,AIR LINK COMMUNICATION LIMITED,141,141.8,139,139.84,477960,-0.822695035
AKBL,ASKARI BANK LTD,70.51,71.3,69.75,70.73,5510892,0.611664296
AKDHL,AKD HOSPITALITY LIMITED ,190.5,190.5,184.01,185.29,731,-2.473814411
AKDSL,AKD SECURITIES LIMITED,33.97,33.97,32.82,33.28,182796,-0.98185064
AKGL,AL-KHAIR GADOON LTD,60.04,63,60.03,60.03,27,0
ALAC,ASKARI LIFE ASSURANCE CO LTD,12.1,13.1,11.3,11.3,10622084,-9.960159363
ALIFE,ADAMJEE LIFE ASSURANCE COMPANY LIMITED,31.02,32.5,31.01,32.11,11271,1.871827411
ALNRS,AL-NOOR SUGAR MILLS LTD,93.85,103,90,92.66,17137,-1.236410147
ALTN,ALTERN ENERGY LTD,11.3,11.72,11.3,11.43,1106565,0.439367311
AMBL,APNA MICROFINANCE BANK LTD,12,12.69,11.8,11.97,4961,-2.125919869
AMTEX,AMTEX LTD (defaulter),3.25,3.29,3.14,3.16,371537,0
ANL,AZGARD NINE LTD,11.9,11.9,11.45,11.67,1009567,-0.765306122
ANTM,AN TEXTILE MILLS LTD,23.06,28.04,23.06,25.5,50847,0.039231071
APL,ATTOCK PETROLEUM LTD,515,519.99,511.4,518.15,6139,0.496518552
ARCTM,ARCTIC TEXTILE MILLS LIMITED,41.79,42.5,38.3,41.95,2575,0.382866715
ARPAK,ARPAK INTERNATIONAL INVESTMENTS LTD,65.07,65.07,58.6,61.91,3213,-4.856308591
ARPL,ARCHROMA PAKISTAN LTD,429.89,467.89,429.89,467.89,56518,10.0011755
ARUJ,ARUJ INDUSTRIES LTD (defaulter),10.2,10.4,10,10,33779,-2.53411306
ASC,AL SHAHEER CORPORATION,7.51,7.74,7.31,7.4,481467,-1.986754967
ASHT,ASHFAQ TEXTILE MILLS LTD,27.82,27.82,25.07,25.65,3226,-7.932519742
ASIC,ASIA INSURANCE CO LTD,17.1,20.84,17.1,19,17,0
ASL,AISHA STEEL MILLS LTD,11.5,12.39,11.5,12.34,35595347,9.591474245
ASTL,AMRELI STEELS LTD,21.74,22.94,21.51,22.54,482106,5.524344569
ASTM,ASIM TEXTILE MILLS LTD,24.55,24.55,20.21,21.88,967993,-2.582368655
ATBA,ATLAS BATTERY LTD,306.32,309,305.01,306.08,22328,-0.078349438
ATIL,ATLAS INSURANCE LTD,85,91,85,90.72,19350,3.60895386
ATLH,ATLAS HONDA LTD,1105,1198,1090,1160.25,108849,5.586698943
ATRL,ATTOCK REFINERY LTD,676,678.9,666,666.93,442905,-1.18970013
AVN,AVANCEON LTD,49.35,50.09,48.6,49.6,1462825,0.628930818
AWTX,ALLAWASAYA TEXTILE & FINISHING MILLS LTD,1550.51,1550.51,1550.51,1409.56,1,0
BAFL,BANK ALFALAH LTD,92.5,92.5,91.35,91.95,790704,0.360183366
BAFS,BABA FARID SUGAR MILLS LTD,76.92,76.92,76.92,76.86,152,9.90990991
BAHL,BANK AL-HABIB LTD,166,167,164.14,165.4,581506,0.187776364
BAPL,BAWANY AIR PRODUCTS LTD,51.39,51.39,43.5,44.14,999543,-5.522260274
BATA,BATA PAKISTAN LTD,1682.99,1682.99,1600,1629.06,1351,-2.050902794
BBFL,BIG BIRD FOODS LIMITED ,48.47,48.7,48.16,48.37,1374358,-0.370751802
BCL,BOLAN CASTINGS LTD,117.7,122,115.22,117.85,222050,0.016973606
BECO,BECO STEEL LIMITED,21.21,22.49,21.06,22.04,2376580,3.962264151
BELA,BELA AUTOMOTIVES LTD,129.8,129.8,113.31,123.07,29,0
BERG,BERGER PAINTS PAKISTAN LTD,113.85,113.89,111,111.18,115155,-1.680226388
BFAGRO,BARKAT FRISIAN AGRO LIMITED,41.14,41.69,40.5,40.91,1738208,-0.510700389
BFBIO,BF BIOSCIENCES LTD,164,167.4,164,164.48,163317,0.085189242
BFMOD,B.F. MODARABA,10.96,10.96,10,10.31,14015,-5.930656934
BGL,BALOCHISTAN GLASS LTD,11.43,11.43,10.97,11.2,379270,-1.147396293
BHAT,BHANERO TEXTILE MILLS LTD,903.33,949.5,903,940.9,440,0.461252643
BIFO,BIAFO INDUSTRIES LTD,186.89,186.89,182,182.24,131925,-1.101644326
BILF,BILAL FIBRES LTD,21.05,21.98,20.2,21.28,68854,-0.884955752
BIPL,BANKISLAMI PAKISTAN LTD,34.15,34.4,33.6,33.71,995996,-0.619103774
BML,BANK MAKRAMAH LIMITED.,4.85,5.38,4.82,5.3,32695358,8.163265306
BNL,BUNNY'S LTD,114,125.36,108,125.36,5997665,10.00351
BNWM,BANNU WOOLLEN MILLS LTD,83.9,84.2,80,81.13,65536,-2.593348541
BOK,BANK OF KHYBER,18.89,18.89,18,18.26,818,0.995575221
BOP,BANK OF PUNJAB,13.7,14,13.47,13.6,50256609,0.36900369
BPL,BURSHANE LPG (PAKISTAN) LTD,37.9,37.99,37,37.03,12227,-1.015771184
BRRG,B.R.R. GUARDIAN LIMITED,30.3,33.96,29.5,33.88,69741,9.750566893
BTL,BLESSED TEXTILES LTD,331.99,346,327,344.91,1580,9.592653787
BUXL,BUXLY PAINTS LTD,186,187,181,186.99,3487,0.107072113
BWCL,BESTWAY CEMENT CO LTD,462.75,465,459,464.4,6864,0.365239567
BWHL,BALUCHISTAN WHEELS LTD,168,179.29,168,179.29,620875,10.00061353
CASH,CALCORP LIMITED,38.7,38.8,37,37.51,16372,-0.662076271
CCM,CRESCENT COTTON MILLS LTD,56,56,53.04,55.97,505,3.648148148
CENI,CENTURY INSURANCE CO LTD,49,49,46,49.72,175,0
CEPB,CENTURY PAPER AND BOARD MILLS LTD,28.85,29.1,28.2,28.86,166032,0.104058273
CFL,CRESCENT FIBRES LTD,50,50,50,48.32,7,9.793228812
CHAS,CHASHMA SUGAR MILLS LTD,79.11,79.11,70.27,70.38,32939,-9.850134495
CHBL,CHENAB LTD (defaulter),12.75,14.6,12.51,14.6,7030063,10.02260739
CHCC,CHERAT CEMENT CO LTD,287,290,285.12,287.46,80423,0.436742252
CJPL,CRESCENT JUTE PRODUCTS LTD (defaulter),6.25,6.69,6.21,6.32,163107,-2.769230769
CLOV,CLOVER PAKISTAN LTD,40.9,41.4,40.66,41.23,55966,0.930232558
CLVL,CORDOBA LOGISTICS & VENTURES LIMITED ,20.5,21.15,19.5,20.51,434509,6.656266251
CNERGY,CNERGYICO PK LIMITED,7.12,7.18,7,7.03,12578480,-0.846262341
COLG,COLGATE-PALMOLIVE (PAKISTAN) LTD,1330,1332,1328.01,1329.99,16537,0.128737917
CPHL,CITI PHARMA LIMITED,81.55,82.15,81.05,81.35,2724988,-0.233014471
CPPL,CHERAT PACKAGING LTD,122.14,122.99,119.82,120.05,137187,-1.703103251
CRTM,THE CRESCENT TEXTILE MILLS LTD,22.25,23.99,22,22.97,2416664,3.608479928
CSAP,CRESCENT STEEL AND ALLIED PRODUCTS LTD,108.49,114.49,108.49,112.33,1000684,3.922657045
CSIL,CRESCENT STAR INSURANCE LTD,3.87,3.94,3.72,3.79,500464,-1.558441558
CTM,COLONY TEXTILE MILLS LTD,6,6.1,5.25,5.9,215756,-0.840336134
CWSM,CHAKWAL SPINNING MILLS LTD,37.98,39.32,36.5,36.91,327836,-2.817272249
CYAN,CYAN LTD,40.01,42,39.03,40.15,187477,-0.322740814
DAAG,DATA AGRO LTD,107.04,111.9,101.36,104.67,2883,-2.214125561
DADX,DADEX ETERNIT LTD,66,69.2,66,68,13197,-0.917965904
DBCI,DADABHOY CEMENT INDUSTRIES LTD (defaulter),7.11,7.34,6.31,6.66,1907197,-5.397727273
DCL,DEWAN CEMENT LTD,13.29,13.29,12.8,12.91,3250193,-0.231839258
DEL,DAWOOD EQUITIES LIMITED,11.16,11.7,11.16,11.47,31645,1.865008881
DFML,DEWAN FAROOQUE MOTORS LTD,35.51,36.3,35,35.11,2452219,-1.84512161
DFSM,DEWAN FAROOQUE SPINNING MILLS LTD,6.45,6.5,6.11,6.23,1351687,-4.153846154
DGKC,D.G. KHAN CEMENT COMPANY LTD,171.21,173.5,170.65,172.37,3094747,0.712825007
DHPL,DH PARTNERS LIMITED,41.74,42.6,41.2,41.38,1008993,-1.217474338
DIIL,DIAMOND INDUSTRIES LTD,33,33.54,27.45,33.52,2271,9.937684487
DINT,DIN TEXTILE MILLS LTD,84.62,88.99,77.1,85.78,876,1.370834318
DLL,DAWOOD LAWRENCEPUR LIMITED,300,300,276.26,288.98,3044,0.35770099
DMC,D.M.CORPORATION LIMITED,47,47,47,43.58,4,0
DMTM,DEWAN MUSHTAQ TEXTILE MILLS LTD,9.56,10.24,9.56,9.99,44,0
DNCC,DANDOT CEMENT CO LTD,14.25,15.44,14.25,15.21,31773,1.332445037
DOL,DESCON OXYCHEM LTD,35.7,37,35.5,36.36,3043660,3.767123288
DSIL,D.S. INDUSTRIES LTD,6.35,6.57,6.3,6.33,172445,-1.708074534
DSL,DOST STEELS LIMITED,8.45,9.14,8.45,9.01,1368142,5.134189032
DWAE,DEWAN AUTOMOTIVE ENGINEERING LTD (defaulter),31,32.25,30.02,31.01,18032,-1.524293426
DWSM,DEWAN SUGAR MILLS LTD,7.68,7.9,7.2,7.5,1176163,2.040816327
DWTM,DEWAN TEXTILE MILLS LTD,6.98,7.22,5.97,6.43,64601,-7.74748924
DYNO,DYNEA PAKISTAN CO LTD,281,307,281,292.47,228899,4.104079163
ECOP,ECOPACK LIMITED,52.6,53.49,50.99,51.26,424533,-2.491915541
EFERT,ENGRO FERTILIZERS LTD,217,219,215,216.4,834241,-0.377497468
EFUG,E.F.U. GENERAL INSURANCE LTD,133.93,133.93,127,128.38,9339,-2.557874763
EFUL,EFU LIFE ASSURANCE LTD,157.52,161.9,157.02,158.8,22969,-0.1446268
ELCM,ELAHI COTTON MILLS LTD,137.4,137.4,137.4,137.47,5,0
ELSM,ELLCOT SPINNING MILLS LTD,110.06,117.6,110,112.96,600,-4.124936344
EMCO,EMCO INDUSTRIES LTD,96,98.89,86,86,414028,-10.00418585
ENGROH,ENGRO HOLDINGS LIMITED,210.12,219.3,210.05,217.53,5447090,3.526556254
EPCL,ENGRO POLYMER & CHEMICALS LTD,32.8,33.14,32.65,32.78,855148,-0.334448161
EPQL,ENGRO POWERGEN QADIRPUR LTD,30.8,31.5,30.62,31.25,177897,1.461038961
ESBL,ESCORTS INVESTMENT BANK LTD,7.49,7.49,7.31,7.45,5515,2.75862069
EWIC,EAST WEST INSURANCE CO LTD,51.56,51.56,51.56,51.56,1,-10.00174551
EXIDE,EXIDE PAKISTAN LTD,865.01,876,862,868.07,4740,0.865654993
FABL,FAYSAL BANK LTD,78.6,79.15,77.8,78.14,841032,-0.58524173
FANM,FIRST AL-NOOR MODARABA,5.49,5.49,5.05,5.17,359506,-0.767754319
FASM,FAISAL SPINNING MILLS LTD,409,426,401.02,403.65,456,-1.567986734
FATIMA,FATIMA FERTILIZER COMPANY LTD,107.7,108.34,107,108.02,286551,0.596014155
FCCL,FAUJI CEMENT CO.LTD,45.89,46.18,45.75,45.9,2586335,0.02179124
FCEL,FIRST CAPITAL EQUITIES LTD (defaulter),4.8,4.8,4.41,4.65,7201,-1.063829787
FCEPL,FRIESLANDCAMPINA ENGRO PAKISTAN LTD,86,87.85,85.5,85.97,588448,-0.139389011
FCIBL,FIRST CREDIT & INVESTMENT BANK LTD,21.31,21.49,20.41,20.41,94739,-10.00881834
FCL,FAST CABLES LIMITED,25.01,25.33,24.9,25.03,877776,-0.437549722
FCSC,FIRST CAPITAL SECURITIES CORPORATION LTD,3,3,2.85,2.89,1459558,-1.02739726
FDPL,FIRST DAWOOD PROPERTIES LIMITED,5.8,6.44,5.8,6.3,10678124,5.527638191
FECM,FIRST ELITE CAPITAL MODARABA,36.86,36.86,33.92,34.13,7413,-9.445476254
FECTC,FECTO CEMENT LTD,87,87.7,86,86.73,31681,-0.413365484
FEM,FIRST EQUITY MODARABA,5.3,5.75,5.1,5.47,101670,3.20754717
FEROZ,FEROZSONS LABORATORIES LTD,390.7,397,382.21,394.35,9508,1.042841037
FFC,FAUJI FERTILIZER CO LTD,463,466.75,462,462.93,404751,-0.062605242
FFL,FAUJI FOODS LTD,15.97,16.85,15.85,16.29,48876899,3.890306122
FFLM,FIRST FIDELITY LEASING MODARABA,6.8,7.14,6.4,6.6,111034,-5.714285714
FHAM,FIRST HABIB MODARABA,28.5,29.4,26,26.45,297990,-4.270720232
FIBLM,FIRST IBL MODARABA,6.96,7.35,6.75,6.76,239057,-7.270233196
FIL,FATEH INDUSTRIES LTD (defaulter),263.22,263.22,263.22,263.2,76,9.992059844
FIMM,FIRST IMROOZ MODARABA,210,210,210,200,25,0
FLYNG,FLYING CEMENT CO LTD,50.51,52.5,50.05,50.37,358554,-1.563416064
FML,FEROZE1888 MILLS LTD,73.52,78.88,73.52,75.61,73539,0.185504174
FNEL,FIRST NATIONAL EQUITIES LTD,4.01,4.07,3.9,3.94,1663140,-1.990049751
FPJM,FIRST PUNJAB MODARABA SERVICES PVT LTD,4.74,4.85,4.5,4.79,169173,2.569593148
FPRM,FIRST PARAMOUNT MODARABA,10.01,10.9,9.31,10.26,10775,1.083743842
FRCL,FRONTIER CERAMICS LTD,40.1,41.5,40,40.64,2187,1.321366243
FRSM,FARAN SUGAR MILLS LTD,47,49.44,45,46.11,28204,-0.646412411
FSWL,FATEH SPORTS WEAR LTD (defaulter),133.55,133.55,115,133.55,3138,9.999176345
FTMM,FIRST TREET MANUFACTURING MODARABA,20.8,21,20.1,20.51,8706,0.244379277
FTSM,FIRST TRI-STAR MODARABA,15,15,13.71,14.8,5982,7.40203193
FZCM,FAZAL CLOTH MILLS LTD,365.89,365.89,351,352.02,1363,-3.150191212
GADT,GADOON TEXTILE MILLS LTD,495.98,495.98,475.01,484.54,20474,-1.396011396
GAL,GHANDHARA AUTOMOBILES LTD,523.01,549,520.01,541.93,3451097,4.307573862
GAMON,GAMMON PAKISTAN LTD,29.4,29.4,27.51,28.41,51092,-2.068252327
GATI,GATRON INDUSTRIES LTD,163.4,164.64,157.3,158.42,287057,-1.870664024
GATM,GUL AHMED TEXTILE MILLS LTD,31.31,33.7,31.3,32.84,3069311,4.619305511
GCIL,GHANI CHEMICAL INDUSTRIES LTD,25.71,26,25.45,25.56,659389,-0.583430572
GCWL,GHANI CHEMWORLD LIMITED,12.73,12.89,12.42,12.74,2089462,1.838529177
GEMBCEM,BURJ MODARABA MGMT CO PVT LTD,11.11,11.5,11.11,11.5,2866,0
GEMBLUEX,BLUE EX LIMITED,60,60,60,64.98,200,0
GEMMEL,MUGHAL ENERGY LIMITED,21,21,21,22,1,0
GEMNETS,NETS INTERNATIONAL COMMUNICATION LIMITED,49,49,47,45.99,16,0
GEMPAPL,PAK AGRO PACKAGING LIMITED,15.5,15.5,15.5,15.5,9810,-3.125
GEMSPNL,SUPERNET LIMITED,38.02,38.02,34.52,35.85,36107,-5.258985201
GFIL,GHAZI FABRICS INTERNATIONAL LTD,11.48,11.7,11.11,11.62,2308,1.219512195
GGGL,GHANI GLOBAL GLASS LTD,9.7,9.75,9.55,9.62,535237,0.104058273
GGL,GHANI GLOBAL HOLDINGS LTD,19.7,19.8,19.4,19.52,1735136,-0.712105799
GHGL,GHANI GLASS LTD,41.63,43.2,41,42.26,1259420,3.807418325
GHNI,GHANDHARA INDUSTRIES CO LTD ,807.98,821.98,797,818.12,623722,1.80560222
GLAXO,GLAXOSMITHKLINE PAKISTAN LIMITED,390.88,395.95,390.88,393.94,151788,0.782848956
GLPL,GILLETTE PAKISTAN LTD,225,225.9,212.11,225.45,1655,1.995114007
GOC,GOC (PAK) LTD,110.1,122.3,110,122.3,12411,10.00179888
GRR,GLOBE RESIDENCY REIT,21.4,21.49,21,21.1,40477,1.442307692
GRYL,GRAYS LEASING LTD,7.28,7.29,6.61,7.09,434,0
GSPM,GULSHAN SPINNING MILLS LTD (defaulter),4.03,4.37,4.01,4.35,1510,5.582524272
GTYR,GHANDHARA TYRE AND RUBBER CO LIMITED,47.57,48.75,47.21,47.97,356847,1.245251161
GUSM,GULISTAN SPINNING MILLS LTD (defaulter),8.64,9.12,8.64,8.97,19853,-1.211453744
GVGL,GHANI VALUE GLASS LTD,57.89,62.72,57.89,62.72,135609,9.996492459
GWLC,GHARIBWAL CEMENT LTD,48.72,48.95,48.5,48.77,151204,0.329150381
HABSM,HABIB SUGAR MILLS LTD,90.25,94,84.51,86.6,72784,-3.229411107
HAEL,HALA ENTERPRISES LTD,25.7,26.5,24.51,24.57,12789,-4.545454545
HAFL,HAFIZ LTD,404,404,375,389.14,108,-3.678217822
HALEON,HALEON PAKISTAN LTD,810,810,780,786.33,46306,-1.692775076
HASCOL,HASCOL PETROLEUM LTD,10.8,11.32,10.8,11.18,17357450,3.041474654
HBL,HABIB BANK LIMITED,227.9,228.94,224,226.49,3281185,-0.670993772
HCAR,HONDA ATLAS CARS (PAKISTAN) LTD,301.95,303,297.1,298.7,911318,-0.14708832
HICL,HABIB INSURANCE CO LTD,18,18.95,16.9,17.29,1019704,-3.407821229
HINO,HINOPAK MOTORS LTD,544.84,576.87,543,576.87,189797,9.99942795
HINOON,HIGHNOON LABORATORIES LTD,1090,1095,1065,1067.85,6376,-1.136900188
HIRAT,HIRA TEXTILE MILLS,4.3,4.3,4.07,4.13,461440,-0.721153846
HMB,HABIB METROPOLITAN BANK LTD,112.01,114,112.01,113.95,27128,1.064301552
HPL,HOECHST PAKISTAN LIMITED,3100,3100,3080,3091.14,170,-0.176967145
HRPL,HABIB RICE PRODUCTS LTD.,31.4,31.4,29.02,29.95,67616,-3.418252177
HTL,HI-TECH LUBRICANTS LTD,44,44,43.03,43.63,329364,0.229726625
HUBC,HUB POWER CO LTD,153.5,156.39,151.5,152.67,7632283,0.05898545
HUMNL,HUM NETWORK LTD,13.96,14.1,13.85,14.02,2157001,-0.6378455
HUSI,HUSSAIN INDUSTRIES LTD,27.2,29.8,26.8,27.21,5410,0.1472212
HWQS,HASEEB WAQAS SUGAR LTD,29,31.3,28.5,29.01,1051065,-0.206398349
IBFL,IBRAHIM FIBRES LTD,334.99,350,333.74,347.06,173,4.5298476
IBLHL,IBL HEALTHCARE LTD,62.28,62.9,61.7,61.97,596457,-1.227287217
ICCI,ICC INDUSTRIES LIMITED (defaulter),12.62,12.97,12.31,12.51,29994,-0.87163233
ICIBL,INVEST CAPITAL INVESTMENT BANK LIMITED,11.08,11.45,10.65,10.79,1430971,-3.918076581
ICL,ITTEHAD CHEMICALS LTD,85.55,87.87,85.02,86.56,51702,2.437869822
IDRT,IDREES TEXTILE MILLS LTD,20.1,21.84,20.01,20.29,12406,0.945273632
IDSM,IDEAL SPINNING MILLS LTD,24.35,26,22.81,24.85,1719,2.43198681
IDYM,INDUS DYEING & MANUFACTURING CO LTD,199,199,191.12,191.55,461,-0.85916878
IGIHL,IGI HOLDINGS LTD,275.5,293,265,282.67,518777,1.424470757
IGIL,IGI LIFE INSURANCE LTD,26.49,26.62,21.8,23.91,190214,-1.198347107
ILP,INTERLOOP LTD,68.56,70.68,68.11,69.98,423514,2.730475631
IMAGE,IMAGE PAKISTAN LIMITED,30.28,30.35,29.25,29.45,3368453,-2.741083223
IML,IMPERIAL LIMITED,21.25,23.75,21.25,22.84,65140,-1.381692573
IMS,INTERMARKET SECURITIES LTD,10.38,10.38,10,10.27,497400,1.482213439
INDU,INDUS MOTOR CO LTD,2120,2134,2119.98,2132.94,20468,1.038360603
INIL,INTERNATIONAL INDUSTRIES LTD,181.25,185,181.01,184.24,623422,2.321448406
INKL,INTERNATIONAL KNITWEAR,39,40,34,38.29,140509,2.407060711
IPAK,INTERNATIONAL PACKAGING FILMS LIMITED,23.5,23.84,23.01,23.74,77421,1.279863481
ISIL,ISMAIL INDUSTRIES LTD,2099.99,2200,2005,2156.12,261,2.672380952
ISL,INTERNATIONAL STEELS LTD,94.1,96,92.5,95.13,408576,3.267477204
ITTEFAQ,ITTEFAQ IRON INDUSTRIES LIMITED,9.19,9.5,9.17,9.41,1978968,2.17155266
JATM,J.A. TEXTILE MILLS LTD,28.9,30.78,27.4,30.22,24167,7.967131118
JDMT,JANANA DE MALUCHO TEXTILE MILLS LTD,90.25,93.8,89,90.23,17066,-0.022160665
JDWS,J.D.W. SUGAR MILLS LTD,1016.99,1016.99,981,998,191,2.097186701
JGICL,JUBILEE GENERAL INSURANCE CO LTD,67.2,68.01,63.01,67.75,74706,1.680924508
JKSM,J.K. SPINNING MILLS LTD,115,118.5,98.01,108.3,442,-0.377150216
JLICL,JUBILEE LIFE INSURANCE COMPANY LTD,178.5,178.5,170.6,174.12,1530,-0.502857143
JSBL,JS BANK LTD,15.5,16.5,15.35,15.56,761754,3.046357616
JSCL,JAHANGIR SIDDIQUI & CO. LTD,24.5,24.94,23.9,24.1,353901,-0.741350906
JSCLPSA,JAHANGIR SIDDIQUI & CO. LTD,10.8,11.2,10.8,10.86,584520,0.555555556
JSGCL,JS GLOBAL CAPITAL LTD,138,143,133.11,139.32,1930,1.441677588
JSIL,JS INVESTMENTS LTD,28.45,28.49,27.65,28,7139,0
JSML,JAUHARABAD SUGAR MILLS LTD,60.6,61.4,58.05,58.94,23310,-3.990877993
JUBS,JUBILEE SPINNING & WEAVING MILLS LTD,12.51,12.51,12.5,12.51,630,-0.159616919
JVDC,JAVEDAN CORPORATION LTD,79.3,80,78.1,79.49,281569,-0.21340698
KAPCO,KOT ADDU POWER CO LTD,33.76,33.96,33.74,33.8,274249,-0.11820331
KCL,KARAM CERAMICS LTD,171,171,169.99,170.11,25,0
KEL,K-ELECTRIC LTD,5.21,5.26,5.09,5.17,25034190,-0.767754319
KHTC,KHYBER TOBACCO CO LTD,410,444.13,405.02,444.13,460777,10.00123839
KHYT,KHYBER TEXTILE MILLS LTD,1506,1547.98,1460,1500.48,298,-0.320864141
KML,KOHINOOR MILLS,76.9,76.9,69.91,70.24,60333,-6.20910669
KOHC,KOHAT CEMENT CO LTD,422,424.51,419.55,423.37,125810,0.567722932
KOHE,KOHINOOR ENERGY LIMITED,20.41,20.79,20.31,20.43,40512,0.196174595
KOHP,KOHINOOR POWER CO LTD,9.1,9.15,8.55,8.59,125289,-3.483146067
KOHTM,KOHAT TEXTILE MILLS LTD,64.51,64.59,63.5,63.74,28147,-0.109700674
KOIL,KOHINOOR INDUSTRIES LTD,14.9,14.99,14.5,14.66,34515,-1.610738255
KOSM,KOHINOOR SPINNING MILLS LTD,6.34,6.35,5.32,6.2,10171032,-1.898734177
KPUS,KHAIRPUR SUGAR MILLS LTD,153,155,153,153,1250,3.169251517
KSBP,K.S.B. PUMPS CO LTD,233.99,238.5,225,226.03,213305,-3.40185478
KSTM,KHALID SIRAJ TEXTILE MILLS LTD (defaulter),10,10,9.2,9.66,1338,-1.125895599
KTML,KOHINOOR TEXTILES MILLS LTD,246.06,249.99,245,245.69,40997,-0.835485954
LCI,LUCKY CORE INDUSTRIES LIMITED,366,366,360,364.83,45594,1.223572499
LEUL,LEATHER UP LTD,49.68,51.6,46.54,48.02,7503,-3.341384863
LIVEN,LIVEN PHARMA LTD,73.49,73.5,68,68.77,809482,-6.448102299
LOADS,LOADS LTD,14.3,14.79,14.3,14.53,1169354,1.395673412
LOTCHEM,LOTTE CHEMICAL PAKISTAN LTD,20.69,20.8,20.6,20.65,759096,-0.048402711
LPGL,LEINER PAK GELATINE LTD,129.49,129.98,126.02,126.81,15494,-0.875478777
LPL,LALPIR POWER LTD,25.18,25.18,24.11,24.43,221989,-1.412429379
LSECL,LSE CAPITAL LIMITED,6.05,6.44,6.01,6.16,17910,1.650165017
LSEFSL,LSE FINANCIAL SERVICES LIMITED,25.95,26.24,24.16,26.07,17522,9.308176101
LSEVL,LSE VENTURES LIMITED,12.49,12.49,11.5,11.5,71263,-3.846153846
LUCK,LUCKY CEMENT LTD,353.2,360,352.01,358.54,931294,1.428611842
MACFL,MACPAC FILMS LTD,50.85,51.95,48.76,49.35,425943,-2.949852507
MACTER,MACTER INTERNATIONAL LTD,390,395,385,392.5,10456,1.834314921
MARI,MARI PETROLEUM COMPANY LTD,626.9,627.99,619,622.28,641180,-0.334737415
MCB,MCB BANK LTD,347,348.5,343.7,344.9,152104,-0.579400997
MCBIM,MCB INVESTMENT MANAGEMENT LIMITED ,145,145,131.12,132.78,2221,-1.826247689
MDTL,MEDIA TIMES LTD,3.42,3.57,3.18,3.22,6166532,-5.847953216
MEBL,MEEZAN BANK LTD,353,359.5,351.51,355.13,632227,1.144940332
MEHT,MAHMOOD TEXTILE MILLS LTD,345.14,388,345.14,368.49,2727,2.02109693
MERIT,MERIT PACKAGING LTD,12.19,12.19,11.8,11.94,150220,0.251889169
MFFL,MITCHELL'S FRUIT FARMS LTD,214,217.9,207.28,209.5,73437,-2.294562074
MFL,MATCO FOODS LTD,50.2,51,48.8,50.04,10400,-0.891265597
MIRKS,MIRPURKHAS SUGAR MILLS LTD,35.1,35.65,35,35.09,52727,-1.210585586
MLCF,MAPLE LEAF CEMENT FACTORY LTD,82.88,83,81.3,81.54,3166984,-1.175615077
MQTM,MAQBOOL TEXTILE MILLS LTD,42.25,45,40.2,44.68,32143,5.826622454
MRNS,MEHRAN SUGAR MILLS LTD,75.98,75.98,68,71.15,43379,-2.145509559
MSCL,METROPOLITAN STEEL CORP LTD,14.8,14.8,13.4,13.94,113011,1.381818182
MSOT,MASOOD TEXTILE MILLS LTD,71.64,71.64,66.11,71.51,79422,9.795793029
MTL,MILLAT TRACTORS LTD,571,576,567.25,570.72,56863,-0.145219141
MUGHAL,MUGHAL IRON & STEEL INDUSTRIES LTD,66.9,68.25,66.9,67.89,2364580,2.336448598
MUGHALC,MUGHAL IRON & STEEL INDUSTRIES LTD,41.95,41.95,39.5,39.5,2503,2.199223803
MUREB,MURREE BREWERY LTD,899.75,900,880,899.99,5084,-0.001111111
MWMP,MANDVIWALA MAUSER PLASTIC INDUSTRIES LTD (defaulter),38.88,40.5,36.36,36.57,191920,-9.48019802
NAGC,NAGINA COTTON MILLS LTD,71.95,73.71,70.99,73.26,2344,9.326966124
NATF,NATIONAL FOODS LTD,339.25,343.45,337.5,339.72,317934,0.173974582
NBP,NATIONAL BANK OF PAKISTAN,122.44,124.99,122.44,124.49,4544362,1.999180664
NCL,NISHAT (CHUNIAN) LTD,44.02,46.7,44.02,45.88,70476,3.217097863
NCML,NAZIR COTTON MILLS LTD,13.03,14.05,13.02,13.06,1920,-0.835231587
NCPL,NISHAT CHUNIAN POWER LTD,25.22,25.23,24.81,24.9,99849,-0.836320191
NESTLE,NESTLE PAKISTAN LTD,7873.81,7890,7300,7699.77,2984,-2.210365757
NETSOL,NETSOL TECHNOLOGIES LTD,144.65,145.5,143.5,143.78,358327,-0.546448087
NEXT,NEXT CAPITAL LTD,8.94,8.94,8.5,8.76,9216,0.228832952
NICL,NIMIR INDUSTRIAL CHEMICALS LTD,179.9,179.95,172,179.95,142774,10.00061128
NML,NISHAT MILLS LTD,132.12,133.5,132,132.45,850514,-0.210954569
NONS,NOON SUGAR MILLS LTD,90.15,92.9,90.15,91.51,5,0
NPL,NISHAT POWER LTD,36.64,36.64,35.95,35.99,125882,-0.525152018
NRL,NATIONAL REFINERY LTD,232,232.89,229,229.13,438516,-0.818110986
NRSL,NIMIR RESINS LTD,36.49,39.25,36.49,37.85,958911,3.727048506
NSRM,THE NATIONAL SILK & RAYON MILLS LTD,125.5,125.5,108.01,117.24,13,0
OBOY,OILBOY ENERGY LIMITED,9,9.18,8.88,8.9,26286,-0.558659218
OCTOPUS,OCTOPUS DIGITAL LIMITED ,53.39,53.4,52,52.54,450013,-1.776032903
OGDC,OIL & GAS DEVELOPMENT CO LTD,225.33,226.98,224.23,225.91,2022116,0.257400257
OLPL,OLP FINANCIAL SERVICES PAKISTAN LIMITED.,41.6,41.6,41,41.35,10849,0.36407767
OLPM,OLP MODARABA ,19.7,20.28,19.7,20.25,10125,4.813664596
OML,OLYMPIA MILLS LTD,44,44,44,41.99,105,0
ORM,ORIENT RENTAL MODARABA,10.99,10.99,10.48,10.85,21661,2.843601896
OTSU,OTSUKA PAKISTAN LTD,268,269.9,262.51,267.54,4571,0.832925037
PABC,PAKISTAN ALUMINIUM BEVERAGE CANS LIMITED,154,155.8,152.5,153.33,140354,-0.622204939
PACE,PACE (PAKISTAN) LTD,6.02,6.17,5.87,5.9,3779971,-3.436988543
PAEL,PAK ELEKTRON LTD,40.5,40.86,40,40.47,2857110,-0.63835011
PAKD,PAK DATACOM LIMITED,235,239.92,223.1,239.71,85351,9.903259823
PAKL,PAK LEATHER CRAFTS LTD,34.49,34.49,30.61,33.16,1751,0
PAKOXY,PAKISTAN OXYGEN LTD,212.03,232.69,206,228.88,157617,8.197031294
PAKRI,PAKISTAN REINSURANCE CO,15.01,15.41,14.87,15.33,3371728,2.955003358
PAKT,PAKISTAN TOBACCO CO LTD,1275,1294,1270.2,1292.05,8678,1.006113291
PASL,PERVEZ AHMED CONSULTANCY SERVICES LTD,2.93,3,2.82,2.86,5305420,-2.389078498
PASM,PARAMOUNT SPINNING MILLS LTD (defaulter),4.8,5.4,4.8,5.39,18175,8.016032064
PCAL,PAKISTAN CABLES LTD,171.12,182,171.12,179.26,65450,-0.747466918
PECO,PAKISTAN ENGINEERING CO LTD,714.99,724,710,714.67,1232,-2.966653994
PGLC,PAK-GULF LEASING COMPANY,20.2,20.2,19.5,20.2,12050,2.694458566
PIAHCLA,PIA HOLDING COMPANY LIMITED,21.28,21.4,20.8,20.99,2747957,-1.362781955
PIAHCLB,PIA HOLDING COMPANY LIMITED,31303,34200,31100.1,31934.62,243,-4.89305516
PIBTL,PAKISTAN INTERNATIONAL BULK TERMINAL LTD,10.18,10.18,9.77,9.81,9412953,-2.193419741
PICT,PAKISTAN INTERNATIONAL CONTAINER TERMINAL LTD,47.89,48.25,44,44.68,621338,-5.218498091
PIL,PICIC INSURANCE LIMITED,4.59,4.59,4.25,4.37,14463,1.157407407
PIM,POPULAR ISLAMIC MODARABA,18.13,19.89,17.07,19.67,4085,8.554083885
PINL,PREMIER INSURANCE CO OF PAKISTAN LTD,9.61,10,9.4,9.41,223509,-4.175152749
PIOC,PIONEER CEMENT LTD,214.7,218.5,214,217.96,348740,1.518397764
PKGI,PAKISTAN GENERAL INSURANCE CO LTD,10.9,11.94,10.45,10.9,19766,-1.446654611
PKGP,PAKGEN POWER LTD,156.53,156.53,145,148.09,920,-0.053992036
PKGS,PACKAGES LTD,616,646,612,641.95,709483,3.603821697
PMI,FIRST PRUDENTIAL MODARABA,4.51,4.8,4.31,4.7,3961022,5.381165919
PMPK,PHILIP MORRIS (PAKISTAN) LTD,1300,1300,1300,1300,1,0
PMRS,THE PREMIER SUGAR MILLS & DISTILLERY CO LTD,335,339,281,284.61,1696,-8.661745828
PNSC,PAKISTAN NATIONAL SHIPPING CORPORATION,414,438,405,427.86,242130,4.041435658
POL,PAKISTAN OILFIELDS LTD,613,618,613,614.72,213697,-0.074774863
POML,PUNJAB OIL MILLS LTD,210,229,210,220.07,7106,-1.437656754
POWER,POWER CEMENT LTD,14.52,14.7,14.3,14.59,13385215,0.620689655
PPL,PAKISTAN PETROLEUM LTD,166.03,168.18,165.21,167.31,3075713,0.56500571
PPP,PAKISTAN PAPER PRODUCT LTD,247,247,224.45,224.45,265273,-10.00040098
PPVC,PAKISTAN PVC LTD,12,12.59,11.62,11.74,7052,-2.248126561
PREMA,AT-TAHUR LTD,40.26,40.48,39.33,39.6,1775760,-1.639344262
PRET,PREMIUM TEXTILE MILLS LTD,517,517,487,500.04,422,-1.372781065
PRL,PAKISTAN REFINERY LTD,31.95,32.08,31.42,31.49,3163757,-1.53220763
PRWM,PROSPERITY WEAVING MILLS LTD,51.2,56,50,54.8,7823,7.03125
PSEL,PAKISTAN SERVICES LTD,1084.7,1105,1051.25,1052.48,1323,-2.942668228
PSO,PAKISTAN STATE OIL CO LTD,380,382,378,379.18,976247,-0.14221005
PSX,PAKISTAN STOCK EXCHANGE LTD,30.95,31.48,30.95,31.29,1877908,1.163918526
PSYL,PAKISTAN SYNTHETICS LTD,60,66,59.99,66,51542,10
PTC,PAKISTAN TELECOMMUNICATION COMPANY LTD,23.65,24.05,23.4,23.87,5046570,1.574468085
PTL,PANTHER TYRES LIMITED,48.21,49,45.12,49,239797,0.574712644
QUET,QUETTA TEXTILE MILLS LTD,14.07,14.8,14.07,14.5,10076,-1.694915254
QUICE,QUICE FOOD INDUSTRIES LTD,7.7,7.79,7.62,7.71,288021,0.390625
RCML,RELIANCE COTTON SPINNING MILLS LTD,537,568.9,537,549.98,678,3.754150317
REDCO,REDCO TEXTILES LTD,26.01,28,24.1,27.02,6404,2.155009452
REWM,RELIANCE WEAVING MILLS LTD,131,131,131,131,5,0
RICL,RELIANCE INSURANCE CO LTD,12.98,12.98,12.45,12.47,30672,-1.344936709
RMPL,RAFHAN MAIZE PRODUCTS CO LTD,9514,9514,9412,9486.89,51,0.076796408
RPL,ROSHAN PACKAGES LTD ,20.65,20.65,20.06,20.33,207771,-0.53816047
RUBY,RUBY TEXTILES MILLS LTD,8.34,8.99,8.21,8.88,4459,2.777777778
RUPL,RUPALI POLYESTER LTD,30.01,33,30.01,31.91,18581,-1.603453592
SAIF,SAIF TEXTILE MILLS LTD,24.2,24.47,24,24.28,22501,0.746887967
SANSM,SANGHAR SUGAR MILLS LTD,55.38,55.38,49.05,53.69,71,0
SAPT,SAPPHIRE TEXTILE MILLS LTD,1330,1437,1300,1340.48,195,0.181607563
SARC,SARDAR CHEMICAL INDUSTRIES LTD,62,66,62,62.5,1725,1.543460601
SASML,SINDH ABADGARS SUGAR MILL LTD,86.99,91.33,86.99,90.86,694,9.430326388
SAZEW,SAZGAR ENGINEERING WORKS LIMITED,1267.5,1283,1246.41,1249.99,130490,-1.376012876
SBL,SAMBA BANK LTD,9.42,9.84,9.41,9.57,15775,-0.104384134
SCBPL,STANDARD CHARTERED BANK (PAKISTAN) LTD,67.26,69.6,67.26,68.96,51114,1.411764706
SCL,SHIELD CORPORATION LIMITED,320,329.97,310.02,320,11,0
SEARL,THE SEARLE COMPANY LTD,93,94.8,92.69,93.6,4071562,0.710135571
SEL,SITARA ENERGY LTD,12.88,12.88,12,12.19,801,-2.48
SEPL,SECURITY PAPERS LTD,173,175,171.61,173.43,27750,0.231173785
SERT,SERVICE INDUSTRIES TEXTILES LTD,22.4,24.64,21.51,23.89,115142,6.651785714
SFL,SAPPHIRE FIBRES LTD,1091.1,1144.99,1091.1,1099.99,11,0
SGF,SERVICE GLOBAL FOOTWEAR LIMITED,77.45,77.45,75.5,75.95,26540,-0.54995417
SGPL,S G POWER LTD,8.04,8.3,8.04,8.22,69198,2.23880597
SHCM,SHADMAN COTTON MILLS LTD,44,44.4,39,42.02,496,0
SHDT,SHADAB TEXTILE MILLS LTD,69.99,74.49,65.15,67.09,847490,-3.412035704
SHEZ,SHEZAN INTERNATIONAL LTD,236.51,240,235,237.49,1708,-2.150714845
SHFA,SHIFA INTERNATIONAL HOSPITALS LTD,555.01,569.5,550,550.77,28384,-1.688592185
SHJS,SHAHTAJ SUGAR MILLS LTD,155,160.49,148,160.49,3792,10
SHNI,SHAHEEN INSURANCE CO. LTD,11.3,11.3,10.5,11.03,582943,0.272727273
SHSML,SHAHMURAD SUGAR MILLS LTD,443,443,400,435,1784,-1.734887503
SIBL,SECURITY INVESTMENT BANK LTD,11.03,11.89,11.03,11.89,1011,-0.916666667
SIEM,SIEMENS (PAKISTAN) ENGINEERING CO LTD,1526,1536.99,1520,1520,124,-0.327868852
SINDM,SINDH MODARABA ,12.6,14.45,12.6,13.5,248,0
SITC,SITARA CHEMICALS INDUSTRIES LTD,614,630,606,614.64,128619,0.848278012
SKRS,SAKRAND SUGAR MILLS LTD,11.53,12.87,11.52,12.42,928831,6.153846154
SLGL,SECURE LOGISTICS GROUP LTD,16.4,16.49,16,16.1,1257397,-2.068126521
SLYT,SALLY TEXTILE MILLS LTD (defaulter),15.51,17,15.51,16.15,42142,-3.811792734
SMCPL,SAFE MIX CONCRETE LTD,29.9,30.7,27.26,27.76,232893,-6.216216216
SML,SHAKARGANJ LTD,68.74,68.88,65.02,65.2,4602,0.307692308
SNAI,SANA INDUSTRIES LTD,25.8,26,24.5,25.83,20304,0.193948798
SNBL,SONERI BANK LTD,24.99,25.4,24.4,24.9,2606073,0.443727309
SNGP,SUI NORTHERN GAS PIPELINES LTD,115.87,116.9,115.87,116.43,1223257,0.518000518
SPEL,SPEL LIMITED,50,50.35,49.2,49.46,313582,-1.099780044
SPL,SITARA PEROXIDE LTD,19.25,20.26,18.6,20.26,199272,9.989142237
SPWL,SAIF POWER LTD,11.8,11.99,11.72,11.76,216191,-1.01010101
SRVI,SERVICE INDUSTRIES LTD,1250.6,1250.6,1211.02,1218.47,743,-2.513041252
SSGC,SUI SOUTHERN GAS CO LTD,44.4,44.55,43.3,43.7,7299208,-1.62089149
SSML,SARITOW SPINNING MILLS LTD,16.3,16.3,14.51,15.52,44705,-1.146496815
SSOM,S.S. OIL MILLS LTD,968.26,1000,902,907.03,54978,-4.823714586
STCL,SHABBIR TILES & CERAMICS LTD,18.44,18.44,17.6,17.81,171702,-1.493362832
STJT,SHAHTAJ TEXTILE MILLS LTD,77.5,89.24,77.5,82.17,2423,1.231982259
STL,SUPERNET TECHNOLOGIES LTD,879.74,879.74,721.1,798.98,463,-0.152461885
STML,SHAMS TEXTILE MILLS LTD,32.5,33.75,30.52,32.64,1875,-0.030627871
STPL,SIDDIQSONS TIN PLATE LTD (defaulter),7.11,7.45,7.11,7.24,1476327,1.258741259
STYLERS,STYLERS INTERNATIONAL LIMITED,45.92,50.51,45.49,50.51,46437,9.995644599
SUHJ,SUHAIL JUTE MILLS LTD,105,105,103,103.2,700,0
SURC,SURAJ COTTON MILLS LTD,135.9,139,135,136.04,27393,0.48751662
SUTM,SUNRAYS TEXTILE MILLS LTD,188.5,189.85,181.51,185.05,5736,-2.36889311
SYM,SYMMETRY GROUP LTD,14.49,14.6,14.28,14.34,1536587,-1.035196687
SYS,SYSTEMS LTD,119.99,120.05,118.5,119.78,817303,0.621639785
SZTM,SHAHZAD TEXTILE MILLS LTD,60,62,58.25,59.98,2402,-0.033333333
TATM,TATA TEXTILE MILLS LTD,287,299.89,272.12,275.35,219839,-2.837079643
TBL,TREET BATTERY LIMITED,12.51,12.51,11.5,12.01,3588231,-3.378921963
TCORP,TARIQ CORPORATION LTD,18.2,19.39,18.2,18.8,244705,0.750267953
TELE,TELECARD LTD,7.65,7.68,7.47,7.51,4132253,-1.830065359
TGL,TARIQ GLASS INDUSTRIES LTD,228.42,236,223.05,233.96,72812,2.425356799
THALL,THAL LIMITED,444.44,459,444.44,448.57,18056,1.426762538
THCCL,THATTA CEMENT COMPANY LTD,45.25,45.9,44.84,45.54,2967747,0.418963616
TICL,THE THAL INDUSTRIAL CORPORATION LTD,510.94,510.94,468,507.68,4269,9.298370256
TOMCL,THE ORGANIC MEAT CO LIMITED,34.49,34.95,34.11,34.43,693453,-0.376157407
TOWL,TOWELLERS LTD,162.9,167,160,160.33,9924,-1.323239783
TPL,TPL CORP LTD,5.45,5.59,5.36,5.46,205135,-0.546448087
TPLI,TPL INSURANCE LTD,8.6,8.6,8.3,8.31,197005,-1.889020071
TPLL,TPL LIFE INSURANCE LIMITED,63,63,63,62.95,5,0
TPLP,TPL PROPERTIES LTD,9.7,9.8,9.52,9.56,5217384,-1.646090535
TPLT,TPL TRAKKER LTD,7.69,7.8,7.51,7.56,187387,1.612903226
TREET,TREET CORP LTD,23.13,23.18,22.75,22.8,2176001,-1.298701299
TRG,TRG PAKISTAN LTD,56.6,56.6,54.51,55,1890056,-2.361086455
TRIPF,TRI-PACK FILMS LTD,149,149,145,145.92,45544,-2.30316015
TRSM,TRUST MODARABA,15.64,17.27,14.13,15.61,4810041,-0.573248408
TSBL,TRUST SECURITIES & BROKERAGE LTD,16.31,16.31,15.5,16.05,2948415,8.226567768
TSML,TANDLIANWALA SUGAR MILLS LTD,245,245,240,240,133,-2.200488998
TSPL,TRI-STAR POWER CO LTD,8.49,9.2,8.45,8.52,191151,-2.739726027
UBDL,UNITED BRANDS LTD,26.8,26.8,24.22,24.63,264752,-8.472686734
UBL,UNITED BANK LTD,364.97,372.48,364.1,369.37,1477082,0.714383095
UCAPM,UNICAP MODARABA,4.71,5.55,4.71,5.46,754142,9.638554217
UDLI,UDL INTERNATIONAL LIMITED,9.6,9.6,9,9.04,19273,-1.310043668
UDPL,UNITED DISTRIBUTORS PAKISTAN LTD,97.24,97.24,95,97.24,461061,10
UNIC,UNITED INSURANCE CO OF PAKISTAN LTD,16.5,16.5,16,16.3,514311,0.184388445
UNITY,UNITY FOODS LTD,26.15,26.48,25.76,26.03,957592,-0.875856816
UPFL,UNILEVER PAKISTAN FOODS LTD,36961.47,36971.47,30702.04,34139.55,325,1.574273224
UVIC,UNIVERSAL INSURANCE CO LTD,10.2,10.44,9.15,10.42,50567,10.38135593
WAFI,WAFI ENERGY PAKISTAN LTD,181.5,181.5,179.55,180.44,15622,-0.419426049
WAHN,WAH NOBEL CHEMICALS LTD,368.98,369.57,368,369.57,27654,10.00089294
WAVES,WAVES CORPORATION LTD ,8.74,8.74,8.41,8.54,2383877,-2.288329519
WAVESAPP,WAVES HOME APPLIANCES LTD,9.35,9.45,9.26,9.31,1764460,-0.427807487
WTL,WORLDCALL TELECOM LTD,1.5,1.53,1.46,1.47,26392204,-3.289473684
YOUW,YOUSAF WEAVING MILLS LTD,5.08,5.08,4.84,4.86,1053754,-2.409638554
ZAHID,ZAHIDJEE TEXTILE MILLS LIMITED,135.98,139,128,130.72,39861,-3.903550687
ZAL,ZAREA LIMITED,25.79,25.79,24.86,25.01,310976,-1.263324122
ZIL,ZIL LTD,337,337,337,339.38,2,0
ZTL,ZEPHYR TEXTILES LTD,19.45,19.45,17.3,17.61,56775,-3.717878622
