Symbol,Description,Open 1 day,Open 1 day - Currency,High 1 day,High 1 day - Currency,Low 1 day,Low 1 day - Currency,Price,Price - Currency,Volume 1 day,Price Change % 1 day
786,786 INVESTMENTS LTD,10.95,PKR,10.95,PKR,10.5,PKR,10.59,PKR,38416,0.284090909090903
AABS,AL-ABBAS SUGAR MILLS LTD,1077.98,PKR,1077.98,PKR,1065.01,PKR,1074,PKR,149,0.9930038366057272
AATM,ALI ASGHAR TEXTILE MILLS LTD (defaulter),47.99,PKR,51.88,PKR,47.5,PKR,51.88,PKR,144249,10.008481764206968
ABL,ALLIED BANK LTD,190,PKR,191.95,PKR,189,PKR,190.85,PKR,88920,0.7442989864864847
ABOT,ABBOTT LABORATORIES (PAKISTAN) LTD,1160,PKR,1198,PKR,1160,PKR,1182.36,PKR,7928,1.049500888828112
ACPL,ATTOCK CEMENT PAKISTAN LTD,298.89,PKR,301.9,PKR,290.2,PKR,294.53,PKR,1991126,-1.478508111724374
ADAMS,ADAM SUGAR MILLS LTD,72.69,PKR,73.66,PKR,72,PKR,72.05,PKR,7806,-0.8804512312560195
ADMM,ARTISTIC DENIM MILLS LTD,64.98,PKR,64.98,PKR,60.12,PKR,62.54,PKR,94211,-1.4186633039092034
AGHA,AGHA STEEL INDUSTRIES LIMITED,9.05,PKR,9.38,PKR,9.04,PKR,9.17,PKR,3476749,1.214128035320082
AGIC,ASKARI GENERAL INSURANCE CO. LTD,44.9,PKR,45.59,PKR,44.01,PKR,45.46,PKR,32152,1.2697705502339058
AGIL,AGRIAUTO INDUSTRIES LTD,145.99,PKR,145.99,PKR,142,PKR,144.26,PKR,42906,0.21535255296978276
AGL,AGRITECH LTD,81.75,PKR,83.87,PKR,80,PKR,80.72,PKR,2296697,-1.2478590653290873
AGP,AGP LTD,211,PKR,214,PKR,210.75,PKR,211.68,PKR,305935,0.2890036480788429
AGSML,ABDULLAH SHAH GHAZI SUGAR MILLS LTD,8.58,PKR,8.6,PKR,8.3,PKR,8.41,PKR,422728,-1.1750881316098667
AGTL,AL-GHAZI TRACTORS LTD,424.69,PKR,424.89,PKR,421.94,PKR,422.6,PKR,15858,0.14455318846418483
AHCL,ARIF HABIB CORPORATION LTD,12.45,PKR,12.88,PKR,12.4,PKR,12.59,PKR,14473860,1.696284329563805
AHL,ARIF HABIB LTD,93.5,PKR,93.51,PKR,91.55,PKR,93.47,PKR,1177998,9.95177037995529
AHTM,AHMED HASSAN TEXTILE MILLS LTD,82,PKR,82,PKR,82,PKR,83.45,PKR,95,0
AICL,ADAMJEE INSURANCE CO LTD,68.5,PKR,69.85,PKR,68,PKR,68.95,PKR,155027,0.4369992716678764
AIRLINK,AIR LINK COMMUNICATION LIMITED,171.8,PKR,174.2,PKR,167.49,PKR,168.69,PKR,7292427,-0.9104793233082773
AKBL,ASKARI BANK LTD,73.75,PKR,73.81,PKR,72.08,PKR,73.69,PKR,4025276,1.1808320746944934
AKDHL,AKD HOSPITALITY LIMITED ,176.49,PKR,176.49,PKR,176.49,PKR,175,PKR,26,0
AKDSL,AKD SECURITIES LIMITED,32.1,PKR,33,PKR,32.03,PKR,32.13,PKR,178106,0.062285892245416155
AKGL,AL-KHAIR GADOON LTD,51.04,PKR,58.74,PKR,51.04,PKR,56.49,PKR,656,1.875563570784489
ALAC,ASKARI LIFE ASSURANCE CO LTD,9.32,PKR,9.4,PKR,9.25,PKR,9.29,PKR,293308,-0.21482277121376314
ALIFE,ADAMJEE LIFE ASSURANCE COMPANY LIMITED,35.9,PKR,36.4,PKR,34.25,PKR,36,PKR,17677,1.4084507042253522
ALNRS,AL-NOOR SUGAR MILLS LTD,97.3,PKR,98.5,PKR,97.3,PKR,98.39,PKR,413,2.0008293593199324
ALTN,ALTERN ENERGY LTD,11.4,PKR,12.25,PKR,11.4,PKR,11.78,PKR,4833371,2.3457862728062517
AMBL,APNA MICROFINANCE BANK LTD,11.14,PKR,11.14,PKR,11.14,PKR,11.14,PKR,921,0
AMTEX,AMTEX LTD (defaulter),4.45,PKR,4.5,PKR,3.96,PKR,4,PKR,20592576,-4.0767386091127085
ANL,AZGARD NINE LTD,13.29,PKR,13.29,PKR,12.86,PKR,12.95,PKR,4387578,-1.5209125475285252
ANSM,ANSARI SUGAR MILLS LTD (defaulter),8.8,PKR,8.8,PKR,8.8,PKR,8.74,PKR,101,12.051282051282056
ANTM,AN TEXTILE MILLS LTD,31.8,PKR,31.8,PKR,31,PKR,31.42,PKR,2938,1.3548387096774248
APL,ATTOCK PETROLEUM LTD,518.5,PKR,534.1,PKR,516.5,PKR,527.76,PKR,86357,2.2196397443346965
ARCTM,ARCTIC TEXTILE MILLS LIMITED,39.93,PKR,39.94,PKR,38,PKR,38.89,PKR,129010,-2.50689395838556
ARPAK,ARPAK INTERNATIONAL INVESTMENTS LTD,58.61,PKR,62,PKR,55.1,PKR,58.61,PKR,14,0
ARPL,ARCHROMA PAKISTAN LTD,434,PKR,434.98,PKR,430.01,PKR,431.05,PKR,5525,-0.450346420323323
ARUJ,ARUJ INDUSTRIES LTD (defaulter),9.7,PKR,9.91,PKR,9.7,PKR,9.91,PKR,15342,2.1649484536082566
ASC,AL SHAHEER CORPORATION,12.01,PKR,13.46,PKR,12.01,PKR,13.46,PKR,29190694,9.967320261437914
ASHT,ASHFAQ TEXTILE MILLS LTD,23.65,PKR,24.9,PKR,23.05,PKR,24.11,PKR,7371,2.117746717492588
ASIC,ASIA INSURANCE CO LTD,19,PKR,19,PKR,17.35,PKR,17.37,PKR,503,0.11527377521613587
ASL,AISHA STEEL MILLS LTD,13.83,PKR,14.85,PKR,13.45,PKR,14.3,PKR,25534091,5.224429727740993
ASTL,AMRELI STEELS LTD,22.36,PKR,23.44,PKR,22.3,PKR,22.68,PKR,1492437,2.1161638901395716
ASTM,ASIM TEXTILE MILLS LTD,33.5,PKR,33.56,PKR,31.08,PKR,31.51,PKR,272008,3.277613897082923
ATBA,ATLAS BATTERY LTD,283,PKR,285,PKR,280.1,PKR,281.23,PKR,35699,-0.579771626542223
ATIL,ATLAS INSURANCE LTD,85.9,PKR,85.9,PKR,81.11,PKR,83.47,PKR,57805,1.6068167985392492
ATLH,ATLAS HONDA LTD,1220,PKR,1234,PKR,1220,PKR,1232.98,PKR,7213,0.948092353037492
ATRL,ATTOCK REFINERY LTD,666.06,PKR,677,PKR,660.05,PKR,662.23,PKR,1197979,-0.47042202717325887
AVN,AVANCEON LTD,50.19,PKR,50.74,PKR,49.72,PKR,50.4,PKR,1839512,0.43842168194499576
AWTX,ALLAWASAYA TEXTILE & FINISHING MILLS LTD,1550.52,PKR,1550.52,PKR,1550.52,PKR,1550.52,PKR,1,0.0006449490812694471
BAFL,BANK ALFALAH LTD,99,PKR,99.94,PKR,97.9,PKR,99.72,PKR,2722713,1.023199270590624
BAFS,BABA FARID SUGAR MILLS LTD,353.11,PKR,353.11,PKR,353.11,PKR,353.11,PKR,202,9.99968848322483
BAHL,BANK AL-HABIB LTD,187,PKR,205.79,PKR,185.52,PKR,205.19,PKR,1833785,9.680350652127423
BAPL,BAWANY AIR PRODUCTS LTD,50.5,PKR,52,PKR,49.31,PKR,49.97,PKR,58314,-0.13988808952837786
BATA,BATA PAKISTAN LTD,1735,PKR,1735,PKR,1701,PKR,1718.26,PKR,6647,0.06464199400168302
BBFL,BIG BIRD FOODS LIMITED ,49,PKR,50.39,PKR,48.6,PKR,48.82,PKR,5254084,0.5354200988467833
BCL,BOLAN CASTINGS LTD,115,PKR,115,PKR,112.11,PKR,113.55,PKR,37128,-0.4820333041191912
BECO,BECO STEEL LIMITED,17.85,PKR,19.62,PKR,17.6,PKR,19.62,PKR,2366945,9.97757847533633
BELA,BELA AUTOMOTIVES LTD,118.98,PKR,121,PKR,115.01,PKR,118.49,PKR,1597,-2.9883739970525673
BERG,BERGER PAINTS PAKISTAN LTD,113,PKR,114,PKR,112,PKR,113.01,PKR,272745,0.29286474973375776
BFAGRO,BARKAT FRISIAN AGRO LIMITED,40.5,PKR,41.7,PKR,40.33,PKR,40.63,PKR,924092,0.04924895345974668
BFBIO,BF BIOSCIENCES LTD,168.1,PKR,175.5,PKR,168.1,PKR,171.85,PKR,1991050,2.652171315930947
BFMOD,B.F. MODARABA,14.2,PKR,14.2,PKR,13,PKR,13.6,PKR,34160,0.8902077151335253
BGL,BALOCHISTAN GLASS LTD,11.42,PKR,11.75,PKR,11.35,PKR,11.46,PKR,315757,0.08733624454149838
BHAT,BHANERO TEXTILE MILLS LTD,899.99,PKR,1020.56,PKR,899.99,PKR,1020.56,PKR,8107,10.000215568345942
BIFO,BIAFO INDUSTRIES LTD,194,PKR,196.01,PKR,192,PKR,193.36,PKR,120566,0.3320880033208877
BILF,BILAL FIBRES LTD,24.6,PKR,24.69,PKR,23.6,PKR,24.02,PKR,19228,-1.3552361396303976
BIPL,BANKISLAMI PAKISTAN LTD,38.5,PKR,38.75,PKR,37.8,PKR,38.13,PKR,4011676,0.0262329485834342
BML,BANK MAKRAMAH LIMITED.,5,PKR,5,PKR,4.9,PKR,4.91,PKR,1982955,-0.6072874493927175
BNL,BUNNY'S LTD,124.47,PKR,135.74,PKR,115.06,PKR,115.9,PKR,7564319,-6.077795786061587
BNWM,BANNU WOOLLEN MILLS LTD,83,PKR,83.98,PKR,77.15,PKR,78.99,PKR,102102,-4.045189504373177
BOK,BANK OF KHYBER,17.96,PKR,18.85,PKR,17.6,PKR,18.26,PKR,58045,3.4560906515580907
BOP,BANK OF PUNJAB,14.47,PKR,14.98,PKR,14.44,PKR,14.76,PKR,46060189,2.2869022869022873
BPL,BURSHANE LPG (PAKISTAN) LTD,34.84,PKR,35.25,PKR,34,PKR,35.02,PKR,24295,0.372599598738901
BRRG,B.R.R. GUARDIAN LIMITED,28.8,PKR,29,PKR,28.02,PKR,28.83,PKR,21749,0.38300835654595905
BTL,BLESSED TEXTILES LTD,329.99,PKR,339.5,PKR,302.01,PKR,304.2,PKR,2058,-4.432785649209894
BUXL,BUXLY PAINTS LTD,179,PKR,183.35,PKR,178.01,PKR,179.51,PKR,3132,1.2236382090898767
BWCL,BESTWAY CEMENT CO LTD,534.7,PKR,568.23,PKR,528,PKR,541.95,PKR,30033,2.233498707815365
BWHL,BALUCHISTAN WHEELS LTD,185.2,PKR,185.2,PKR,179,PKR,180.05,PKR,54282,-1.4342803963431194
CASH,CALCORP LIMITED,38.51,PKR,40.59,PKR,38.3,PKR,38.4,PKR,1459,-5.69744597249509
CCM,CRESCENT COTTON MILLS LTD,54,PKR,54,PKR,50.05,PKR,52.54,PKR,911,3.957261574990107
CENI,CENTURY INSURANCE CO LTD,47,PKR,47.3,PKR,47,PKR,47.2,PKR,4980,0.6825938566552906
CEPB,CENTURY PAPER AND BOARD MILLS LTD,28.9,PKR,29.29,PKR,27.7,PKR,28.33,PKR,1012470,-2.2766471196964475
CFL,CRESCENT FIBRES LTD,50.01,PKR,50.01,PKR,50.01,PKR,50.05,PKR,25,0
CHAS,CHASHMA SUGAR MILLS LTD,74,PKR,74,PKR,74,PKR,74.28,PKR,5,0
CHBL,CHENAB LTD (defaulter),21.5,PKR,21.58,PKR,20.81,PKR,20.99,PKR,181430,-2.7340129749768303
CHCC,CHERAT CEMENT CO LTD,331,PKR,341.99,PKR,331,PKR,335.55,PKR,1206096,2.01258626455477
CJPL,CRESCENT JUTE PRODUCTS LTD (defaulter),13.25,PKR,13.5,PKR,12.55,PKR,12.77,PKR,681650,2.0783373301358896
CLOV,CLOVER PAKISTAN LTD,41.49,PKR,41.7,PKR,41,PKR,41.02,PKR,152176,-0.6779661016949008
CLVL,CORDOBA LOGISTICS & VENTURES LIMITED ,19,PKR,19,PKR,18.16,PKR,18.79,PKR,6151,-0.9488666315234565
CNERGY,CNERGYICO PK LIMITED,7.05,PKR,7.12,PKR,7.01,PKR,7.09,PKR,8089491,0.8534850640113741
COLG,COLGATE-PALMOLIVE (PAKISTAN) LTD,1276.01,PKR,1305,PKR,1269.99,PKR,1299.14,PKR,76592,2.088703086691406
CPHL,CITI PHARMA LIMITED,88.95,PKR,91.6,PKR,88.41,PKR,90.89,PKR,11886315,2.805112543829888
CPPL,CHERAT PACKAGING LTD,120,PKR,120,PKR,117.05,PKR,117.46,PKR,108935,-1.7153376286503315
CRTM,THE CRESCENT TEXTILE MILLS LTD,21.59,PKR,22.75,PKR,21.4,PKR,22.16,PKR,1275347,3.3100233100233143
CSAP,CRESCENT STEEL AND ALLIED PRODUCTS LTD,102,PKR,103.8,PKR,100.8,PKR,101.79,PKR,995714,-0.08833922261483039
CSIL,CRESCENT STAR INSURANCE LTD,3.91,PKR,4.1,PKR,3.85,PKR,3.96,PKR,1288724,1.5384615384615399
CTM,COLONY TEXTILE MILLS LTD,5.92,PKR,6.08,PKR,5.9,PKR,5.95,PKR,117483,0
CWSM,CHAKWAL SPINNING MILLS LTD,36.97,PKR,37.2,PKR,35.6,PKR,36.1,PKR,201826,-0.30378348522507437
CYAN,CYAN LTD,39.02,PKR,39.48,PKR,38.58,PKR,38.75,PKR,10148,0.4146151852811521
DAAG,DATA AGRO LTD,107.4,PKR,113,PKR,104.01,PKR,107,PKR,4852,0.9433962264150944
DADX,DADEX ETERNIT LTD,64.3,PKR,65.82,PKR,64,PKR,65.81,PKR,3254,1.324095458044649
DBCI,DADABHOY CEMENT INDUSTRIES LTD (defaulter),6.95,PKR,7.87,PKR,6.95,PKR,7.44,PKR,2685433,8.296943231441052
DCL,DEWAN CEMENT LTD,12.6,PKR,13.44,PKR,12.45,PKR,13.2,PKR,18866327,5.179282868525885
DEL,DAWOOD EQUITIES LIMITED,14.1,PKR,14.5,PKR,14,PKR,14.39,PKR,33016,2.201704545454549
DFML,DEWAN FAROOQUE MOTORS LTD,34.3,PKR,35.15,PKR,34.21,PKR,34.33,PKR,1859107,0.43885313048565994
DFSM,DEWAN FAROOQUE SPINNING MILLS LTD,6,PKR,6.19,PKR,5.85,PKR,5.89,PKR,861046,-1.3400335008375222
DGKC,D.G. KHAN CEMENT COMPANY LTD,190,PKR,194.5,PKR,189.51,PKR,190.6,PKR,6630503,0.6123310810810793
DHPL,DH PARTNERS LIMITED,45.4,PKR,45.65,PKR,44.5,PKR,44.66,PKR,920732,-0.997561516293511
DIIL,DIAMOND INDUSTRIES LTD,30.51,PKR,35.4,PKR,30.51,PKR,31.44,PKR,505,-6.372840976771879
DINT,DIN TEXTILE MILLS LTD,85.05,PKR,88.95,PKR,78.89,PKR,83.11,PKR,3873,-5.190508783937939
DLL,DAWOOD LAWRENCEPUR LIMITED,295,PKR,299,PKR,285,PKR,290.49,PKR,3086,1.8155690301777039
DMC,D.M.CORPORATION LIMITED,49.05,PKR,49.06,PKR,49.05,PKR,47.97,PKR,9,7.556053811659187
DMTM,DEWAN MUSHTAQ TEXTILE MILLS LTD,10,PKR,10.17,PKR,10,PKR,10.16,PKR,57,0
DNCC,DANDOT CEMENT CO LTD,16.75,PKR,16.75,PKR,15.8,PKR,16.1,PKR,53086,1.0037641154328854
DOL,DESCON OXYCHEM LTD,34.35,PKR,34.86,PKR,34,PKR,34.49,PKR,522248,0.7301401869158879
DSIL,D.S. INDUSTRIES LTD,6.13,PKR,6.28,PKR,6.01,PKR,6.08,PKR,912323,-0.8156606851549727
DSL,DOST STEELS LIMITED,9.68,PKR,9.9,PKR,9.25,PKR,9.47,PKR,5477893,-0.21074815595363092
DWAE,DEWAN AUTOMOTIVE ENGINEERING LTD (defaulter),30.9,PKR,31.12,PKR,27.91,PKR,28.39,PKR,68188,-5.899900563473652
DWSM,DEWAN SUGAR MILLS LTD,6.56,PKR,6.68,PKR,6.51,PKR,6.6,PKR,37147,1.3824884792626706
DWTM,DEWAN TEXTILE MILLS LTD,7.83,PKR,7.83,PKR,6.8,PKR,7.1,PKR,96183,-7.431551499348113
DYNO,DYNEA PAKISTAN CO LTD,287,PKR,292,PKR,285.11,PKR,290.8,PKR,15047,1.3311032127674378
ECOP,ECOPACK LIMITED,54.4,PKR,59.21,PKR,54,PKR,59.21,PKR,1848898,9.994426899498427
EFERT,ENGRO FERTILIZERS LTD,212,PKR,212,PKR,208.5,PKR,210.21,PKR,763761,-0.26569246097642085
EFUG,E.F.U. GENERAL INSURANCE LTD,127.98,PKR,129.5,PKR,125,PKR,126.51,PKR,2456,1.070544060078296
EFUL,EFU LIFE ASSURANCE LTD,158.51,PKR,159.99,PKR,153.51,PKR,158.98,PKR,7895,-0.050295485980141136
ELCM,ELAHI COTTON MILLS LTD,183.32,PKR,196,PKR,168.02,PKR,181.56,PKR,179,0
ELSM,ELLCOT SPINNING MILLS LTD,124.99,PKR,124.99,PKR,119,PKR,119,PKR,505,-3.2520325203252036
EMCO,EMCO INDUSTRIES LTD,64.01,PKR,65.09,PKR,63,PKR,63.69,PKR,15547,-2.1658986175115156
ENGROH,ENGRO HOLDINGS LIMITED,218.15,PKR,224.95,PKR,217.7,PKR,222.85,PKR,7132453,2.3891569032850857
EPCL,ENGRO POLYMER & CHEMICALS LTD,28.27,PKR,28.34,PKR,28.01,PKR,28.16,PKR,590932,0.4279600570613445
EPQL,ENGRO POWERGEN QADIRPUR LTD,27.78,PKR,27.96,PKR,27.73,PKR,27.79,PKR,187994,0.03599712023037441
ESBL,ESCORTS INVESTMENT BANK LTD,6.45,PKR,7.25,PKR,6,PKR,6.27,PKR,284329,0.3199999999999932
EXIDE,EXIDE PAKISTAN LTD,767,PKR,771.99,PKR,764,PKR,764.72,PKR,11847,-0.3557234999022761
FABL,FAYSAL BANK LTD,81,PKR,81.5,PKR,80.2,PKR,80.79,PKR,2592514,0.16117034465659516
FANM,FIRST AL-NOOR MODARABA,5.65,PKR,5.8,PKR,5.5,PKR,5.57,PKR,181130,-1.0657193605683768
FASM,FAISAL SPINNING MILLS LTD,375.02,PKR,427.36,PKR,375.02,PKR,406.17,PKR,28875,4.545571542560044
FATIMA,FATIMA FERTILIZER COMPANY LTD,129.01,PKR,129.99,PKR,127.15,PKR,127.82,PKR,540064,-1.3353917406406932
FCCL,FAUJI CEMENT CO.LTD,50.6,PKR,54.14,PKR,49.9,PKR,53.48,PKR,43732087,5.900990099009896
FCEL,FIRST CAPITAL EQUITIES LTD (defaulter),4.52,PKR,4.73,PKR,4.35,PKR,4.54,PKR,11141,0.4424778761062049
FCEPL,FRIESLANDCAMPINA ENGRO PAKISTAN LTD,85.5,PKR,85.75,PKR,84.2,PKR,85.19,PKR,1150551,-0.38587464920486236
FCIBL,FIRST CREDIT & INVESTMENT BANK LTD,13.6,PKR,13.8,PKR,13.54,PKR,13.66,PKR,24673,2.7840481565086606
FCL,FAST CABLES LIMITED,25.6,PKR,25.74,PKR,25.2,PKR,25.28,PKR,2940260,-0.6289308176100634
FCSC,FIRST CAPITAL SECURITIES CORPORATION LTD,2.81,PKR,2.81,PKR,2.72,PKR,2.73,PKR,1000113,-1.0869565217391235
FDPL,FIRST DAWOOD PROPERTIES LIMITED,6.41,PKR,6.97,PKR,6.41,PKR,6.86,PKR,4832395,5.538461538461544
FECM,FIRST ELITE CAPITAL MODARABA,24,PKR,24.9,PKR,23.5,PKR,23.56,PKR,4892,-1.8333333333333386
FECTC,FECTO CEMENT LTD,89,PKR,95.8,PKR,89,PKR,93.77,PKR,288539,6.568928287305377
FEM,FIRST EQUITY MODARABA,6.8,PKR,6.8,PKR,6.01,PKR,6.66,PKR,39463,-1.1869436201780426
FEROZ,FEROZSONS LABORATORIES LTD,438.9,PKR,448,PKR,436.09,PKR,438.48,PKR,49994,0.6865829295735859
FFC,FAUJI FERTILIZER CO LTD,444.32,PKR,445.99,PKR,439.5,PKR,441.54,PKR,1540546,-0.6256751890529287
FFL,FAUJI FOODS LTD,15.86,PKR,16.12,PKR,15.82,PKR,15.9,PKR,6445075,0.505689001264223
FFLM,FIRST FIDELITY LEASING MODARABA,8.28,PKR,8.95,PKR,7.91,PKR,8.8,PKR,4998916,10.691823899371075
FHAM,FIRST HABIB MODARABA,29,PKR,29.8,PKR,28.8,PKR,29.74,PKR,239248,2.9065743944636675
FIBLM,FIRST IBL MODARABA,8.5,PKR,9,PKR,8.1,PKR,8.91,PKR,58872,4.332552693208442
FIL,FATEH INDUSTRIES LTD (defaulter),197.7,PKR,198.44,PKR,197.7,PKR,198.44,PKR,548,9.999999999999995
FIMM,FIRST IMROOZ MODARABA,210,PKR,210,PKR,210,PKR,200.5,PKR,50,0
FLYNG,FLYING CEMENT CO LTD,50.48,PKR,51.5,PKR,49.6,PKR,50.93,PKR,336597,1.5755883526126828
FML,FEROZE1888 MILLS LTD,75.3,PKR,75.3,PKR,73.68,PKR,74.28,PKR,7266,0.25644486435416075
FNEL,FIRST NATIONAL EQUITIES LTD,3.8,PKR,3.92,PKR,3.75,PKR,3.85,PKR,744586,2.6666666666666687
FPJM,FIRST PUNJAB MODARABA SERVICES PVT LTD,4.46,PKR,4.6,PKR,4.4,PKR,4.49,PKR,81715,0.4474272930648874
FPRM,FIRST PARAMOUNT MODARABA,9.32,PKR,9.51,PKR,9.32,PKR,9.5,PKR,860,-3.0612244897959253
FRCL,FRONTIER CERAMICS LTD,41.7,PKR,42.3,PKR,41,PKR,42.24,PKR,5878,1.7586123825584294
FRSM,FARAN SUGAR MILLS LTD,44.51,PKR,45.9,PKR,44.51,PKR,45.6,PKR,6176,-0.10952902519166957
FSWL,FATEH SPORTS WEAR LTD (defaulter),143.63,PKR,143.63,PKR,143.63,PKR,143.63,PKR,2016,10.002297618135868
FTMM,FIRST TREET MANUFACTURING MODARABA,18.73,PKR,19.3,PKR,18.73,PKR,18.97,PKR,875,1.2813667912439852
FTSM,FIRST TRI-STAR MODARABA,14,PKR,14,PKR,13.51,PKR,13.5,PKR,63,0
FZCM,FAZAL CLOTH MILLS LTD,289.99,PKR,300,PKR,289.99,PKR,294.49,PKR,8705,3.5551023278711633
GADT,GADOON TEXTILE MILLS LTD,440,PKR,459.99,PKR,440,PKR,446.45,PKR,130851,2.3592259721203144
GAL,GHANDHARA AUTOMOBILES LTD,573.95,PKR,575,PKR,553.99,PKR,558.33,PKR,1021198,-2.3659636974084517
GAMON,GAMMON PAKISTAN LTD,29.6,PKR,30.95,PKR,28.65,PKR,29,PKR,242657,-3.9735099337748316
GATI,GATRON INDUSTRIES LTD,134.99,PKR,134.99,PKR,132,PKR,132.1,PKR,219919,-1.3590203106332088
GATM,GUL AHMED TEXTILE MILLS LTD,34.8,PKR,35.9,PKR,34.8,PKR,35.19,PKR,3454134,0.05686664771110612
GCIL,GHANI CHEMICAL INDUSTRIES LTD,28.25,PKR,28.5,PKR,27.56,PKR,27.63,PKR,3002384,-1.7425320056899074
GCWL,GHANI CHEMWORLD LIMITED,12.85,PKR,12.85,PKR,12.5,PKR,12.58,PKR,1090088,0.15923566878980552
GEMBCEM,BURJ MODARABA MGMT CO PVT LTD,10.3,PKR,11.5,PKR,10.3,PKR,11.5,PKR,1300,2.2222222222222223
GEMBLUEX,BLUE EX LIMITED,62.1,PKR,68.98,PKR,62.1,PKR,69,PKR,120,0
GEMMEL,MUGHAL ENERGY LIMITED,26,PKR,26,PKR,26,PKR,25,PKR,160,0
GEMNETS,NETS INTERNATIONAL COMMUNICATION LIMITED,42,PKR,42,PKR,42,PKR,43.99,PKR,20,0
GEMPAPL,PAK AGRO PACKAGING LIMITED,16.25,PKR,16.25,PKR,16.25,PKR,16.25,PKR,500,-1.5151515151515151
GEMSPNL,SUPERNET LIMITED,37.52,PKR,38.46,PKR,37.02,PKR,37.51,PKR,8031,-2.4700988039521654
GFIL,GHAZI FABRICS INTERNATIONAL LTD,13.8,PKR,14,PKR,13.31,PKR,13.5,PKR,65979,0.22271714922048524
GGGL,GHANI GLOBAL GLASS LTD,10.05,PKR,10.17,PKR,10,PKR,10.01,PKR,2146915,-0.19940179461614732
GGL,GHANI GLOBAL HOLDINGS LTD,23.42,PKR,24.01,PKR,23.26,PKR,23.77,PKR,5601791,2.060970373550882
GHGL,GHANI GLASS LTD,44,PKR,45,PKR,43.75,PKR,44.41,PKR,1947741,1.578225068618476
GHNI,GHANDHARA INDUSTRIES CO LTD ,835,PKR,841,PKR,809,PKR,815.5,PKR,446192,-1.7422526386813866
GLAXO,GLAXOSMITHKLINE PAKISTAN LIMITED,430.05,PKR,436.5,PKR,428,PKR,429.54,PKR,484889,-0.4011408166577693
GLPL,GILLETTE PAKISTAN LTD,235,PKR,235,PKR,222,PKR,226.58,PKR,9505,-0.5486546986788394
GOC,GOC (PAK) LTD,143,PKR,143,PKR,132,PKR,132.83,PKR,1033,1.5287013681877244
GRR,GLOBE RESIDENCY REIT,20.39,PKR,20.39,PKR,19.7,PKR,19.99,PKR,428388,-1.1374876360039585
GRYL,GRAYS LEASING LTD,22.84,PKR,22.84,PKR,22.84,PKR,22.84,PKR,6621,10.019267822736023
GSPM,GULSHAN SPINNING MILLS LTD (defaulter),6.18,PKR,6.18,PKR,5.32,PKR,5.58,PKR,227891,-5.423728813559327
GTYR,GHANDHARA TYRE AND RUBBER CO LIMITED,46.3,PKR,46.65,PKR,46,PKR,46.04,PKR,217152,-0.6259443125404688
GUSM,GULISTAN SPINNING MILLS LTD (defaulter),13.3,PKR,13.74,PKR,11.61,PKR,12.56,PKR,1012259,-2.635658914728681
GVGL,GHANI VALUE GLASS LTD,68.89,PKR,68.89,PKR,67.47,PKR,67.75,PKR,11782,-0.6598240469208252
GWLC,GHARIBWAL CEMENT LTD,54.9,PKR,55.5,PKR,52.85,PKR,53.23,PKR,4038119,-2.527009705182206
HABSM,HABIB SUGAR MILLS LTD,82.13,PKR,83.5,PKR,82.13,PKR,82.51,PKR,35438,-1.7738095238095177
HAEL,HALA ENTERPRISES LTD,23.97,PKR,23.97,PKR,22.51,PKR,23.49,PKR,8056,0.7289879931389286
HAFL,HAFIZ LTD,370,PKR,370,PKR,351.35,PKR,389.14,PKR,3,1.0753246753246717
HALEON,HALEON PAKISTAN LTD,856,PKR,907.8,PKR,856,PKR,898.86,PKR,218086,5.430702824434652
HASCOL,HASCOL PETROLEUM LTD,10.52,PKR,10.67,PKR,10.4,PKR,10.44,PKR,2306024,-0.8547008547008534
HBL,HABIB BANK LIMITED,269.5,PKR,274.99,PKR,268.01,PKR,269.74,PKR,2769188,-0.4134977479140532
HCAR,HONDA ATLAS CARS (PAKISTAN) LTD,291.05,PKR,294,PKR,291,PKR,291.82,PKR,525774,0.3714659145628342
HICL,HABIB INSURANCE CO LTD,17,PKR,17.97,PKR,16.8,PKR,16.95,PKR,1824354,3.73317013463892
HINO,HINOPAK MOTORS LTD,566.72,PKR,575,PKR,566.65,PKR,567.57,PKR,12998,0.14998588368153987
HINOON,HIGHNOON LABORATORIES LTD,1185,PKR,1211,PKR,1175,PKR,1199.63,PKR,118077,1.6695905689320591
HIRAT,HIRA TEXTILE MILLS,5.12,PKR,5.3,PKR,5.02,PKR,5.24,PKR,1598153,2.343750000000002
HMB,HABIB METROPOLITAN BANK LTD,117,PKR,124.89,PKR,115.6,PKR,120.37,PKR,1338904,3.740411962423514
HPL,HOECHST PAKISTAN LIMITED,3830,PKR,3852,PKR,3760,PKR,3812.5,PKR,4735,-0.4722510109408771
HRPL,HABIB RICE PRODUCTS LTD.,30.91,PKR,33.55,PKR,30.12,PKR,33.26,PKR,162878,9.049180327868847
HTL,HI-TECH LUBRICANTS LTD,43.42,PKR,45.6,PKR,43.2,PKR,44.93,PKR,1413935,3.2873563218390798
HUBC,HUB POWER CO LTD,160.1,PKR,161,PKR,157.25,PKR,157.95,PKR,3175724,-1.5090104134189783
HUMNL,HUM NETWORK LTD,14.73,PKR,15,PKR,14.61,PKR,14.69,PKR,972046,-0.20380434782609466
HUSI,HUSSAIN INDUSTRIES LTD,29.25,PKR,29.99,PKR,27.62,PKR,27.62,PKR,7732,-8.814790359854733
HWQS,HASEEB WAQAS SUGAR LTD,15.21,PKR,15.85,PKR,15.2,PKR,15.52,PKR,281686,1.1734028683181206
IBFL,IBRAHIM FIBRES LTD,342.98,PKR,342.98,PKR,324.15,PKR,329.64,PKR,204,0.5858659831563404
IBLHL,IBL HEALTHCARE LTD,61.5,PKR,63.75,PKR,61.5,PKR,62.55,PKR,606983,2.155805977462029
ICCI,ICC INDUSTRIES LIMITED (defaulter),11.6,PKR,12.3,PKR,11.21,PKR,11.73,PKR,35146,-1.6764459346186027
ICIBL,INVEST CAPITAL INVESTMENT BANK LIMITED,9.09,PKR,9.31,PKR,8.75,PKR,8.87,PKR,8555543,-2.4202420242024276
ICL,ITTEHAD CHEMICALS LTD,93.38,PKR,93.38,PKR,90.81,PKR,91.36,PKR,29129,-1.7740027953983502
IDRT,IDREES TEXTILE MILLS LTD,20.35,PKR,22.37,PKR,20.35,PKR,21.55,PKR,75444,5.948869223205511
IDSM,IDEAL SPINNING MILLS LTD,21.03,PKR,23.84,PKR,21,PKR,21.37,PKR,951,-3.8686459739091292
IDYM,INDUS DYEING & MANUFACTURING CO LTD,172,PKR,174,PKR,170,PKR,172.44,PKR,5746,-0.5077313639510705
IGIHL,IGI HOLDINGS LTD,353.98,PKR,365,PKR,336.24,PKR,338.91,PKR,447864,-3.6831784465853805
IGIL,IGI LIFE INSURANCE LTD,20.5,PKR,21.44,PKR,20.25,PKR,20.31,PKR,16010,-1.1197663096397295
ILP,INTERLOOP LTD,73.62,PKR,74.34,PKR,73.62,PKR,73.97,PKR,367138,0.6394557823129237
IMAGE,IMAGE PAKISTAN LIMITED,28.6,PKR,28.6,PKR,28.13,PKR,28.24,PKR,2733909,0.14184397163120266
IML,IMPERIAL LIMITED,19,PKR,20.9,PKR,17.11,PKR,20.9,PKR,44899,9.999999999999993
IMS,INTERMARKET SECURITIES LTD,13.37,PKR,14.61,PKR,13.37,PKR,14.61,PKR,3487893,10.015060240963857
INDU,INDUS MOTOR CO LTD,2209,PKR,2250,PKR,2205.01,PKR,2229.49,PKR,37226,1.8148190432697695
INIL,INTERNATIONAL INDUSTRIES LTD,194,PKR,208.99,PKR,194,PKR,199.32,PKR,1497580,2.9226479396881113
INKL,INTERNATIONAL KNITWEAR,35.35,PKR,35.35,PKR,30.3,PKR,33.32,PKR,10127,-0.08995502248875903
IPAK,INTERNATIONAL PACKAGING FILMS LIMITED,22.7,PKR,23,PKR,22.4,PKR,22.66,PKR,284282,0.2654867256637111
ISIL,ISMAIL INDUSTRIES LTD,2153.61,PKR,2188.9,PKR,2153.61,PKR,2187,PKR,28,1.5504199924777406
ISL,INTERNATIONAL STEELS LTD,106,PKR,112,PKR,104.98,PKR,107.2,PKR,1410023,0.29940119760479733
ITTEFAQ,ITTEFAQ IRON INDUSTRIES LIMITED,8.51,PKR,9.08,PKR,8.51,PKR,8.83,PKR,1793112,3.1542056074766305
JATM,J.A. TEXTILE MILLS LTD,28.5,PKR,29.98,PKR,27.53,PKR,29.75,PKR,37958,9.174311926605505
JDMT,JANANA DE MALUCHO TEXTILE MILLS LTD,86.5,PKR,88.25,PKR,86.5,PKR,87.74,PKR,2064,-0.6004304973377151
JDWS,J.D.W. SUGAR MILLS LTD,925.01,PKR,954.6,PKR,900,PKR,916.6,PKR,2723,-1.508639216023378
JGICL,JUBILEE GENERAL INSURANCE CO LTD,84.48,PKR,84.88,PKR,83.5,PKR,83.59,PKR,173050,-0.023920583662236598
JKSM,J.K. SPINNING MILLS LTD,273,PKR,273,PKR,240,PKR,250.02,PKR,5410,-1.899081848858198
JLICL,JUBILEE LIFE INSURANCE COMPANY LTD,173.5,PKR,193.09,PKR,172,PKR,173.65,PKR,48024,-1.0766776803007785
JSBL,JS BANK LTD,16.07,PKR,16.2,PKR,15.89,PKR,15.96,PKR,378648,-0.6845052893590506
JSCL,JAHANGIR SIDDIQUI & CO. LTD,24.45,PKR,24.97,PKR,24.35,PKR,24.4,PKR,45708,-0.893582453290018
JSCLPSA,JAHANGIR SIDDIQUI & CO. LTD,11.97,PKR,11.97,PKR,11.97,PKR,11.58,PKR,20,0
JSGCL,JS GLOBAL CAPITAL LTD,150,PKR,151,PKR,149.98,PKR,150.51,PKR,2481,-0.2914872474329233
JSIL,JS INVESTMENTS LTD,30.98,PKR,33.9,PKR,30.8,PKR,33.05,PKR,12003,6.647305582445946
JSML,JAUHARABAD SUGAR MILLS LTD,48.5,PKR,48.6,PKR,47.5,PKR,47.57,PKR,42190,-4.936051159072739
JUBS,JUBILEE SPINNING & WEAVING MILLS LTD,29.8,PKR,29.8,PKR,27.2,PKR,29.8,PKR,151474,10.003691399040239
JVDC,JAVEDAN CORPORATION LTD,80.5,PKR,81.3,PKR,78.5,PKR,79.58,PKR,705441,0.7724452323667208
KAPCO,KOT ADDU POWER CO LTD,35.91,PKR,37.58,PKR,35.85,PKR,36.57,PKR,5011778,1.781241302532704
KCL,KARAM CERAMICS LTD,155,PKR,174.5,PKR,155,PKR,174.49,PKR,305,4.353806590514922
KEL,K-ELECTRIC LTD,5.2,PKR,5.2,PKR,5.02,PKR,5.04,PKR,15244030,-2.1359223300970935
KHTC,KHYBER TOBACCO CO LTD,469,PKR,484,PKR,469,PKR,472.51,PKR,25149,0.25673668576277947
KHYT,KHYBER TEXTILE MILLS LTD,1464.98,PKR,1465.5,PKR,1464.98,PKR,1465.28,PKR,7,0
KML,KOHINOOR MILLS,83,PKR,89.68,PKR,82,PKR,86.05,PKR,176487,5.543971544216848
KOHC,KOHAT CEMENT CO LTD,493.39,PKR,524.24,PKR,490.01,PKR,513.23,PKR,400418,4.021159731652451
KOHE,KOHINOOR ENERGY LIMITED,20.84,PKR,21.13,PKR,20.52,PKR,20.9,PKR,110711,0.23980815347720458
KOHP,KOHINOOR POWER CO LTD,8.59,PKR,8.99,PKR,8.59,PKR,8.75,PKR,46097,1.1560693641618456
KOHTM,KOHAT TEXTILE MILLS LTD,58.01,PKR,63.81,PKR,58.01,PKR,63.81,PKR,313675,9.99827615928289
KOIL,KOHINOOR INDUSTRIES LTD,14.1,PKR,14.1,PKR,13.02,PKR,13.76,PKR,293363,-1.7142857142857157
KOSM,KOHINOOR SPINNING MILLS LTD,6.3,PKR,6.45,PKR,6.25,PKR,6.41,PKR,6666894,1.5847860538827343
KPUS,KHAIRPUR SUGAR MILLS LTD,138,PKR,139.99,PKR,138,PKR,136.5,PKR,67,0
KSBP,K.S.B. PUMPS CO LTD,241.04,PKR,250,PKR,232,PKR,238.29,PKR,638694,-0.513527054108224
KSTM,KHALID SIRAJ TEXTILE MILLS LTD (defaulter),9.98,PKR,9.98,PKR,9.42,PKR,9.5,PKR,2959,-2.263374485596714
KTML,KOHINOOR TEXTILES MILLS LTD,245.01,PKR,249.5,PKR,245,PKR,245.37,PKR,11539,0.134671890303629
LCI,LUCKY CORE INDUSTRIES LIMITED,360,PKR,360,PKR,352.1,PKR,353.41,PKR,325425,-0.24556847691090317
LEUL,LEATHER UP LTD,43.01,PKR,49.64,PKR,43.01,PKR,49.64,PKR,47889,9.993352537114998
LIVEN,LIVEN PHARMA LTD,67.98,PKR,69.25,PKR,67.1,PKR,67.5,PKR,661781,1.1690647482014407
LOADS,LOADS LTD,15.72,PKR,16.1,PKR,15.7,PKR,15.79,PKR,2759783,-0.12650221378874985
LOTCHEM,LOTTE CHEMICAL PAKISTAN LTD,22,PKR,22.1,PKR,21.8,PKR,21.81,PKR,1329357,-0.8636363636363694
LPGL,LEINER PAK GELATINE LTD,116,PKR,116.98,PKR,115,PKR,115.92,PKR,13927,0.1295672454003677
LPL,LALPIR POWER LTD,28,PKR,28.75,PKR,27.9,PKR,28.06,PKR,1326274,-0.6725663716814205
LSECL,LSE CAPITAL LIMITED,6.92,PKR,7.7,PKR,6.91,PKR,7.5,PKR,1577501,11.27596439169139
LSEFSL,LSE FINANCIAL SERVICES LIMITED,26.36,PKR,26.5,PKR,24.59,PKR,26,PKR,1636,4.2084168336673375
LSEVL,LSE VENTURES LIMITED,14.2,PKR,14.5,PKR,13,PKR,13.76,PKR,258552,0.5113221329437567
LUCK,LUCKY CEMENT LTD,412,PKR,430,PKR,412,PKR,425.98,PKR,3914791,3.6397255607999703
MACFL,MACPAC FILMS LTD,37.6,PKR,39.24,PKR,35.42,PKR,35.92,PKR,3402508,-5.398999209902548
MACTER,MACTER INTERNATIONAL LTD,388,PKR,406.97,PKR,388,PKR,398.36,PKR,39858,2.9673283705541817
MARI,MARI PETROLEUM COMPANY LTD,638.98,PKR,641,PKR,633,PKR,634.08,PKR,800168,-0.7668471626654946
MCB,MCB BANK LTD,350,PKR,357.99,PKR,349,PKR,356.56,PKR,802651,2.034625840606672
MCBIM,MCB INVESTMENT MANAGEMENT LIMITED ,128,PKR,135.99,PKR,127.99,PKR,130,PKR,33913,-0.24554941682012982
MDTL,MEDIA TIMES LTD,3.47,PKR,3.47,PKR,3.3,PKR,3.4,PKR,1434487,-1.4492753623188481
MEBL,MEEZAN BANK LTD,412.01,PKR,431,PKR,412.01,PKR,424.77,PKR,4244422,3.572125231639515
MEHT,MAHMOOD TEXTILE MILLS LTD,365.99,PKR,372,PKR,361.55,PKR,366.94,PKR,1142,1.4066602183225023
MERIT,MERIT PACKAGING LTD,11,PKR,11.2,PKR,10.86,PKR,11.01,PKR,448409,0.7319304666056731
MFFL,MITCHELL'S FRUIT FARMS LTD,212.03,PKR,212.9,PKR,208.63,PKR,211.16,PKR,33854,-0.2597893344669649
MFL,MATCO FOODS LTD,60.98,PKR,62.49,PKR,56.6,PKR,57.08,PKR,517686,-5.198472014615517
MIRKS,MIRPURKHAS SUGAR MILLS LTD,38.68,PKR,40.45,PKR,38.55,PKR,38.81,PKR,571627,-0.23136246786631443
MLCF,MAPLE LEAF CEMENT FACTORY LTD,89.99,PKR,95.45,PKR,89.75,PKR,92.49,PKR,20615863,3.2830820770519233
MQTM,MAQBOOL TEXTILE MILLS LTD,48.03,PKR,48.03,PKR,46,PKR,48.03,PKR,774669,10.00916170407697
MRNS,MEHRAN SUGAR MILLS LTD,68.98,PKR,68.98,PKR,67.75,PKR,67.84,PKR,30770,0.16240956739996962
MSCL,METROPOLITAN STEEL CORP LTD,13.55,PKR,14.49,PKR,13.55,PKR,13.91,PKR,438048,4.116766467065873
MSOT,MASOOD TEXTILE MILLS LTD,65.01,PKR,68,PKR,61.55,PKR,67.86,PKR,18619,4.2556460285758115
MTL,MILLAT TRACTORS LTD,572,PKR,575.5,PKR,569,PKR,569.93,PKR,196518,0.070233350306389
MUGHAL,MUGHAL IRON & STEEL INDUSTRIES LTD,71.5,PKR,77.89,PKR,71.5,PKR,77.89,PKR,17799847,9.998587770088967
MUGHALC,MUGHAL IRON & STEEL INDUSTRIES LTD,39.99,PKR,43.34,PKR,39.99,PKR,42.72,PKR,227160,8.426395939086294
MUREB,MURREE BREWERY LTD,1089,PKR,1169.92,PKR,1050,PKR,1061.01,PKR,17603,-0.23976080333972272
MWMP,MANDVIWALA MAUSER PLASTIC INDUSTRIES LTD (defaulter),47.99,PKR,51.49,PKR,44.8,PKR,47.74,PKR,71606,1.509674675738892
NAGC,NAGINA COTTON MILLS LTD,74.89,PKR,74.89,PKR,74.89,PKR,74.97,PKR,100,0
NATF,NATIONAL FOODS LTD,385,PKR,404.85,PKR,380,PKR,387.2,PKR,1064271,1.6032958093888618
NBP,NATIONAL BANK OF PAKISTAN,148.25,PKR,149,PKR,146.7,PKR,147.49,PKR,5914435,0.449499421099228
NCL,NISHAT (CHUNIAN) LTD,47.8,PKR,50.45,PKR,47.8,PKR,48.95,PKR,132776,0.20470829068577567
NCML,NAZIR COTTON MILLS LTD,13,PKR,13.1,PKR,12.77,PKR,13.07,PKR,27506,3.4018987341772124
NCPL,NISHAT CHUNIAN POWER LTD,29.95,PKR,29.95,PKR,27.7,PKR,28.02,PKR,4575952,-0.2491990032039882
NESTLE,NESTLE PAKISTAN LTD,8459.98,PKR,8459.99,PKR,8281,PKR,8351.57,PKR,390,-0.5166207262946585
NETSOL,NETSOL TECHNOLOGIES LTD,148.29,PKR,149.34,PKR,145.5,PKR,146.29,PKR,969328,-1.3686623516720613
NEXT,NEXT CAPITAL LTD,9.31,PKR,9.65,PKR,9.3,PKR,9.65,PKR,3359,2.8784648187633213
NICL,NIMIR INDUSTRIAL CHEMICALS LTD,176,PKR,176,PKR,172.2,PKR,173.1,PKR,11404,-1.446139831473464
NML,NISHAT MILLS LTD,149,PKR,149,PKR,145.8,PKR,147.07,PKR,1053218,-0.33882225384563264
NONS,NOON SUGAR MILLS LTD,82.1,PKR,85,PKR,82,PKR,82.07,PKR,3250,-1.6183169503716237
NPL,NISHAT POWER LTD,40.88,PKR,41.2,PKR,39.21,PKR,39.61,PKR,1688819,-2.2458045409674323
NRL,NATIONAL REFINERY LTD,249.9,PKR,252.5,PKR,244.5,PKR,245.8,PKR,673060,-0.8471157724889045
NRSL,NIMIR RESINS LTD,34.2,PKR,35.08,PKR,34,PKR,34.35,PKR,787531,1.0294117647058865
NSRM,THE NATIONAL SILK & RAYON MILLS LTD,106.37,PKR,106.37,PKR,106,PKR,106.11,PKR,1425,9.731127197518093
OBOY,OILBOY ENERGY LIMITED,9.1,PKR,9.1,PKR,9,PKR,9.03,PKR,96355,-1.0952902519167733
OCTOPUS,OCTOPUS DIGITAL LIMITED ,56,PKR,56.24,PKR,54.5,PKR,54.7,PKR,1335992,-2.5476572243007296
OGDC,OIL & GAS DEVELOPMENT CO LTD,263.97,PKR,264.38,PKR,259,PKR,259.71,PKR,7628890,-1.4645065826915102
OLPL,OLP FINANCIAL SERVICES PAKISTAN LIMITED.,44.99,PKR,45.5,PKR,44.99,PKR,45.01,PKR,8215,1.1233430689732644
OLPM,OLP MODARABA ,21,PKR,21.96,PKR,20.8,PKR,21.34,PKR,73695,0.9938476100331323
OML,OLYMPIA MILLS LTD,38.51,PKR,42.99,PKR,38.5,PKR,42.07,PKR,182,0
ORM,ORIENT RENTAL MODARABA,11,PKR,11.1,PKR,11,PKR,11.08,PKR,30177,0.7272727272727278
OTSU,OTSUKA PAKISTAN LTD,290,PKR,299.9,PKR,290,PKR,294.24,PKR,8368,-0.1425371614742469
PABC,PAKISTAN ALUMINIUM BEVERAGE CANS LIMITED,157,PKR,157.49,PKR,154,PKR,154.13,PKR,117173,-1.6965367689265876
PACE,PACE (PAKISTAN) LTD,6.05,PKR,6.05,PKR,5.92,PKR,5.95,PKR,1328851,0.6768189509306266
PAEL,PAK ELEKTRON LTD,42.7,PKR,43.2,PKR,42.06,PKR,42.92,PKR,2970629,0.18674136321194745
PAKD,PAK DATACOM LIMITED,222.88,PKR,224.98,PKR,217,PKR,217.84,PKR,14066,-2.0855807263574193
PAKL,PAK LEATHER CRAFTS LTD,34.39,PKR,34.49,PKR,33,PKR,33.83,PKR,3796,4.028290282902814
PAKOXY,PAKISTAN OXYGEN LTD,238,PKR,238,PKR,222,PKR,230.64,PKR,19506,-3.1331373372532583
PAKRI,PAKISTAN REINSURANCE CO,14.8,PKR,15,PKR,14.65,PKR,14.92,PKR,575212,1.084010840108402
PAKT,PAKISTAN TOBACCO CO LTD,1335,PKR,1360,PKR,1335,PKR,1340.24,PKR,15702,-1.0162481536189063
PASL,PERVEZ AHMED CONSULTANCY SERVICES LTD,2.9,PKR,2.93,PKR,2.76,PKR,2.8,PKR,7159011,-0.7092198581560291
PASM,PARAMOUNT SPINNING MILLS LTD (defaulter),8,PKR,8.5,PKR,8,PKR,8.33,PKR,94529,3.4782608695652093
PCAL,PAKISTAN CABLES LTD,170,PKR,179.85,PKR,168.5,PKR,173.4,PKR,23348,2.1081144741491067
PECO,PAKISTAN ENGINEERING CO LTD,667.9,PKR,674.98,PKR,655,PKR,663.12,PKR,128,-0.7037824563505203
PGLC,PAK-GULF LEASING COMPANY,20.92,PKR,21.38,PKR,20.8,PKR,20.85,PKR,11114,-0.33460803059273553
PIAHCLA,PIA HOLDING COMPANY LIMITED,20.05,PKR,20.3,PKR,19.86,PKR,19.98,PKR,3159963,-0.14992503748126504
PIAHCLB,PIA HOLDING COMPANY LIMITED,28000,PKR,28399.9,PKR,27135,PKR,27698,PKR,39,-1.08245747488491
PIBTL,PAKISTAN INTERNATIONAL BULK TERMINAL LTD,10.23,PKR,10.4,PKR,10.18,PKR,10.25,PKR,3696391,0.19550342130986875
PICT,PAKISTAN INTERNATIONAL CONTAINER TERMINAL LTD,44,PKR,44.5,PKR,43.42,PKR,43.87,PKR,260989,0.1369550330974553
PIL,PICIC INSURANCE LIMITED,5.88,PKR,6.25,PKR,5.6,PKR,5.81,PKR,1096523,3.75
PIM,POPULAR ISLAMIC MODARABA,19.09,PKR,19.1,PKR,17.45,PKR,19.07,PKR,1461,-0.6253256904637883
PINL,PREMIER INSURANCE CO OF PAKISTAN LTD,8.87,PKR,9.4,PKR,8.7,PKR,9.16,PKR,350948,5.408515535097822
PIOC,PIONEER CEMENT LTD,253.65,PKR,258,PKR,251.15,PKR,253,PKR,111046,-0.23659305993690627
PKGI,PAKISTAN GENERAL INSURANCE CO LTD,10.93,PKR,10.93,PKR,10.11,PKR,10.19,PKR,14930,-3.320683111954456
PKGP,PAKGEN POWER LTD,143.95,PKR,143.95,PKR,132.51,PKR,134.58,PKR,5315,-2.080908032596031
PKGS,PACKAGES LTD,675,PKR,698,PKR,670,PKR,688.81,PKR,17448,3.2605762600065966
PMPK,PHILIP MORRIS (PAKISTAN) LTD,1300.01,PKR,1300.01,PKR,1300,PKR,1300,PKR,2743,0
PMRS,THE PREMIER SUGAR MILLS & DISTILLERY CO LTD,300,PKR,300,PKR,300,PKR,307,PKR,1,0
PNSC,PAKISTAN NATIONAL SHIPPING CORPORATION,407.01,PKR,418,PKR,407.01,PKR,415.23,PKR,20785,1.3646128307782521
POL,PAKISTAN OILFIELDS LTD,647.99,PKR,649,PKR,644.25,PKR,646.03,PKR,112335,-0.1360312871960544
POML,PUNJAB OIL MILLS LTD,202.01,PKR,213,PKR,202.01,PKR,204.31,PKR,12450,-2.080038341720586
POWER,POWER CEMENT LTD,14.9,PKR,15.48,PKR,14.78,PKR,15.31,PKR,7198635,3.5859269282814696
PPL,PAKISTAN PETROLEUM LTD,183.88,PKR,183.99,PKR,180.11,PKR,180.84,PKR,5597497,-1.449591280653949
PPP,PAKISTAN PAPER PRODUCT LTD,179,PKR,183,PKR,178.11,PKR,179.69,PKR,23908,0.37986704653371706
PPVC,PAKISTAN PVC LTD,15.75,PKR,16.16,PKR,15.75,PKR,16.16,PKR,98133,10.0068073519401
PREMA,AT-TAHUR LTD,43.21,PKR,45.95,PKR,43.1,PKR,43.49,PKR,15104928,1.7309941520467882
PRET,PREMIUM TEXTILE MILLS LTD,479.99,PKR,490,PKR,470.25,PKR,479.81,PKR,1119,1.957076073098168
PRL,PAKISTAN REFINERY LTD,31.68,PKR,31.68,PKR,31,PKR,31.04,PKR,6238965,-1.6164817749603853
PRWM,PROSPERITY WEAVING MILLS LTD,55,PKR,56,PKR,52.5,PKR,55.98,PKR,3677,5.642574070579345
PSEL,PAKISTAN SERVICES LTD,967.89,PKR,967.89,PKR,886,PKR,937.12,PKR,1380,-2.227508424885497
PSO,PAKISTAN STATE OIL CO LTD,402.99,PKR,409,PKR,398,PKR,402.75,PKR,7453804,-0.039711101734884964
PSX,PAKISTAN STOCK EXCHANGE LTD,32.35,PKR,32.75,PKR,32,PKR,32.07,PKR,912160,-0.8348794063079873
PSYL,PAKISTAN SYNTHETICS LTD,65,PKR,66.25,PKR,65,PKR,66.25,PKR,1500,1.954447522314552
PTC,PAKISTAN TELECOMMUNICATION COMPANY LTD,23.1,PKR,23.37,PKR,23.03,PKR,23.26,PKR,1035190,0.2586206896551822
PTL,PANTHER TYRES LIMITED,51.91,PKR,51.95,PKR,50,PKR,50.44,PKR,280467,-1.542065196174115
QUET,QUETTA TEXTILE MILLS LTD,18.93,PKR,18.93,PKR,18.93,PKR,18.93,PKR,19148,9.994189424753044
QUICE,QUICE FOOD INDUSTRIES LTD,8.14,PKR,8.24,PKR,8.01,PKR,8.09,PKR,948676,0.12376237623762112
RCML,RELIANCE COTTON SPINNING MILLS LTD,513.99,PKR,515,PKR,500.02,PKR,515,PKR,79,2.905327099068861
REDCO,REDCO TEXTILES LTD,25.95,PKR,25.95,PKR,24.5,PKR,25,PKR,7202,-3.6608863198458548
REWM,RELIANCE WEAVING MILLS LTD,109.98,PKR,114.9,PKR,109.98,PKR,107.25,PKR,220,0
RICL,RELIANCE INSURANCE CO LTD,12.45,PKR,12.9,PKR,12.45,PKR,12.87,PKR,42486,3.042433947157718
RMPL,RAFHAN MAIZE PRODUCTS CO LTD,9790,PKR,9790,PKR,9500.1,PKR,9705,PKR,102,-0.09378110809946132
RPL,ROSHAN PACKAGES LTD ,20.32,PKR,20.32,PKR,19.96,PKR,20.04,PKR,316655,-0.5952380952381001
RUBY,RUBY TEXTILES MILLS LTD,16.99,PKR,17.5,PKR,15.51,PKR,15.7,PKR,53256,-1.3819095477386976
RUPL,RUPALI POLYESTER LTD,33.47,PKR,33.5,PKR,32,PKR,32.5,PKR,6550,-1.1857707509881439
SAIF,SAIF TEXTILE MILLS LTD,28.79,PKR,28.79,PKR,25.16,PKR,26.75,PKR,27294,2.1772345301757077
SANSM,SANGHAR SUGAR MILLS LTD,70.88,PKR,70.88,PKR,69.25,PKR,70.88,PKR,53774,9.993792675356918
SAPT,SAPPHIRE TEXTILE MILLS LTD,1303,PKR,1399,PKR,1303,PKR,1350,PKR,339,2.9740429134789217
SARC,SARDAR CHEMICAL INDUSTRIES LTD,84,PKR,87,PKR,83.1,PKR,84.56,PKR,18420,2.0516533912623736
SASML,SINDH ABADGARS SUGAR MILL LTD,229.6,PKR,245,PKR,228.66,PKR,229.99,PKR,12180,-9.477702995237527
SAZEW,SAZGAR ENGINEERING WORKS LIMITED,1485.6,PKR,1500,PKR,1479.03,PKR,1481.65,PKR,125712,-0.1657559075809616
SBL,SAMBA BANK LTD,9.69,PKR,9.69,PKR,9.6,PKR,9.6,PKR,1826,-0.518134715025914
SCBPL,STANDARD CHARTERED BANK (PAKISTAN) LTD,77,PKR,77,PKR,75,PKR,75.93,PKR,22808,1.7828418230563172
SCL,SHIELD CORPORATION LIMITED,332.99,PKR,332.99,PKR,323.03,PKR,328.32,PKR,326,1.5150578195535147
SEARL,THE SEARLE COMPANY LTD,98.75,PKR,103.59,PKR,98.25,PKR,101.23,PKR,18059116,3.0225931202930987
SEL,SITARA ENERGY LTD,11.25,PKR,13.37,PKR,11.25,PKR,13.37,PKR,55740,10.041152263374475
SEPL,SECURITY PAPERS LTD,174.49,PKR,175.5,PKR,172.5,PKR,173.57,PKR,18781,0.09226688195605594
SERT,SERVICE INDUSTRIES TEXTILES LTD,23.1,PKR,23.9,PKR,23,PKR,23.02,PKR,1588,-0.5615550755939482
SFL,SAPPHIRE FIBRES LTD,1120.99,PKR,1120.99,PKR,1071.03,PKR,1075.02,PKR,127,-0.25793282612729385
SGF,SERVICE GLOBAL FOOTWEAR LIMITED,78.1,PKR,79.45,PKR,76.94,PKR,77.09,PKR,117485,-1.2932138284250845
SGPL,S G POWER LTD,11.98,PKR,11.98,PKR,11.98,PKR,11.98,PKR,203656,10.009182736455461
SHCM,SHADMAN COTTON MILLS LTD,43.9,PKR,43.9,PKR,42,PKR,42,PKR,725,5.105105105105103
SHDT,SHADAB TEXTILE MILLS LTD,55.01,PKR,60.45,PKR,55.01,PKR,57.69,PKR,123311,3.5169567557868313
SHEZ,SHEZAN INTERNATIONAL LTD,210.25,PKR,211.99,PKR,203,PKR,206.03,PKR,13897,-2.0071343638525563
SHFA,SHIFA INTERNATIONAL HOSPITALS LTD,575,PKR,575.07,PKR,567,PKR,570.64,PKR,44987,-0.1382496543758577
SHJS,SHAHTAJ SUGAR MILLS LTD,121.62,PKR,138.71,PKR,121.62,PKR,138.51,PKR,694,9.841395717684376
SHNI,SHAHEEN INSURANCE CO. LTD,9.89,PKR,10.1,PKR,9.05,PKR,9.65,PKR,120479,0.2076843198338481
SHSML,SHAHMURAD SUGAR MILLS LTD,450.63,PKR,495,PKR,448,PKR,448.73,PKR,26137,-0.40174013406134906
SIBL,SECURITY INVESTMENT BANK LTD,10.5,PKR,10.5,PKR,9.27,PKR,10,PKR,1007,0
SIEM,SIEMENS (PAKISTAN) ENGINEERING CO LTD,1533,PKR,1539,PKR,1521.01,PKR,1539,PKR,1216,0.5882352941176471
SINDM,SINDH MODARABA ,15.1,PKR,15.49,PKR,13.53,PKR,14.42,PKR,34976,-4.0585495675316
SITC,SITARA CHEMICALS INDUSTRIES LTD,629,PKR,629,PKR,620,PKR,620.58,PKR,3378,-1.022344853984907
SKRS,SAKRAND SUGAR MILLS LTD,12.25,PKR,12.4,PKR,11.71,PKR,11.92,PKR,49951,0.1680672268907527
SLGL,SECURE LOGISTICS - TRAX GROUP LIMITED,16.75,PKR,16.76,PKR,16.45,PKR,16.47,PKR,1354591,-0.9621166566446191
SLYT,SALLY TEXTILE MILLS LTD (defaulter),15.07,PKR,16.34,PKR,14.1,PKR,14.7,PKR,33721,-4.854368932038835
SMCPL,SAFE MIX CONCRETE LTD,25.51,PKR,26.2,PKR,25.31,PKR,25.6,PKR,146502,-0.5052467936261135
SML,SHAKARGANJ LTD,65.01,PKR,69,PKR,65,PKR,68.96,PKR,8304,5.7182278092901875
SNAI,SANA INDUSTRIES LTD,27,PKR,28.99,PKR,27,PKR,27.15,PKR,11006,-0.2937936099889895
SNBL,SONERI BANK LTD,24.45,PKR,25.37,PKR,24.45,PKR,24.87,PKR,1945313,1.5102040816326572
SNGP,SUI NORTHERN GAS PIPELINES LTD,118.45,PKR,120.49,PKR,117,PKR,117.32,PKR,2044789,-0.9539890249050313
SPEL,SPEL LIMITED,56.72,PKR,58.7,PKR,53.71,PKR,58.06,PKR,12750070,8.584252852066586
SPL,SITARA PEROXIDE LTD,18.5,PKR,18.5,PKR,18.11,PKR,18.12,PKR,64595,-2.893890675241153
SPWL,SAIF POWER LTD,11.86,PKR,12.15,PKR,11.61,PKR,11.68,PKR,523335,-1.5177065767284967
SRVI,SERVICE INDUSTRIES LTD,1170,PKR,1226,PKR,1170,PKR,1218.51,PKR,8976,4.12301539828756
SSGC,SUI SOUTHERN GAS CO LTD,41.5,PKR,42.14,PKR,41.31,PKR,41.57,PKR,5627718,0.1686746987951814
SSML,SARITOW SPINNING MILLS LTD,15.49,PKR,15.49,PKR,14.02,PKR,15.29,PKR,12231,0.19659239842725662
SSOM,S.S. OIL MILLS LTD,754.88,PKR,770,PKR,721,PKR,727.52,PKR,33149,-3.624417125900807
STCL,SHABBIR TILES & CERAMICS LTD,17.5,PKR,17.5,PKR,16.64,PKR,17.36,PKR,127645,-0.45871559633028575
STJT,SHAHTAJ TEXTILE MILLS LTD,80.01,PKR,80.01,PKR,80.01,PKR,81.98,PKR,51,0
STL,SUPERNET TECHNOLOGIES LTD,805,PKR,805,PKR,792,PKR,796.21,PKR,167,1.7338750894408732
STML,SHAMS TEXTILE MILLS LTD,36.89,PKR,36.89,PKR,34,PKR,34.54,PKR,19434,-5.4475773336983355
STPL,SIDDIQSONS TIN PLATE LTD (defaulter),7.67,PKR,7.85,PKR,7.51,PKR,7.58,PKR,2603298,0
STYLERS,STYLERS INTERNATIONAL LIMITED,53,PKR,54.49,PKR,52.1,PKR,53.62,PKR,2000,0.7894736842105161
SUHJ,SUHAIL JUTE MILLS LTD,105,PKR,105,PKR,105,PKR,114.93,PKR,100,9.145299145299154
SURC,SURAJ COTTON MILLS LTD,131.05,PKR,132,PKR,128.51,PKR,131.05,PKR,21094,-1.1465640793542897
SUTM,SUNRAYS TEXTILE MILLS LTD,185,PKR,186.9,PKR,181,PKR,181.01,PKR,3655,-0.35232590145885756
SYM,SYMMETRY GROUP LTD,14.72,PKR,15,PKR,14.55,PKR,14.67,PKR,1963146,-0.271923861318837
SYS,SYSTEMS LTD,137,PKR,137.5,PKR,133.5,PKR,134.17,PKR,3904328,-1.5121485722674906
SZTM,SHAHZAD TEXTILE MILLS LTD,73.7,PKR,73.75,PKR,60.35,PKR,64.14,PKR,41244,-4.340044742729302
TATM,TATA TEXTILE MILLS LTD,275,PKR,276,PKR,255.05,PKR,258.85,PKR,415139,-3.110495583171134
TBL,TREET BATTERY LIMITED,12.11,PKR,13,PKR,12.11,PKR,12.37,PKR,3485021,1.5599343185550043
TCORP,TARIQ CORPORATION LTD,17.4,PKR,17.4,PKR,16.8,PKR,17.03,PKR,39296,-1.5037593984962292
TELE,TELECARD LTD,7.73,PKR,8.06,PKR,7.71,PKR,7.98,PKR,13747864,3.2341526520051747
TGL,TARIQ GLASS INDUSTRIES LTD,247.51,PKR,255,PKR,247.51,PKR,253.55,PKR,90337,1.5052644221145839
THALL,THAL LIMITED,537,PKR,586.99,PKR,532,PKR,567.84,PKR,209803,6.239592882935138
THCCL,THATTA CEMENT COMPANY LTD,44.69,PKR,45.25,PKR,44.1,PKR,44.34,PKR,4503359,-0.09013068949977275
TICL,THE THAL INDUSTRIAL CORPORATION LTD,566,PKR,627,PKR,566,PKR,623.85,PKR,16615,9.447368421052635
TOMCL,THE ORGANIC MEAT CO LIMITED,37.56,PKR,38.25,PKR,37.35,PKR,37.72,PKR,1428958,0.05305039787797353
TOWL,TOWELLERS LTD,160.25,PKR,166,PKR,160,PKR,162.17,PKR,30997,0.6516881827209428
TPL,TPL CORP LTD,5.65,PKR,5.67,PKR,5.4,PKR,5.46,PKR,1467502,0.1834862385321062
TPLI,TPL INSURANCE LTD,9.19,PKR,9.55,PKR,9.01,PKR,9.32,PKR,1962747,3.440621531631526
TPLL,TPL LIFE INSURANCE LIMITED,53.5,PKR,53.5,PKR,50,PKR,53,PKR,1527,8.384458077709613
TPLP,TPL PROPERTIES LTD,9.74,PKR,9.88,PKR,9.71,PKR,9.8,PKR,2546812,0.5128205128205201
TPLT,TPL TRAKKER LTD,7.36,PKR,7.37,PKR,7.21,PKR,7.23,PKR,392903,0.27739251040222557
TREET,TREET CORP LTD,22.56,PKR,23.3,PKR,22.55,PKR,22.91,PKR,6801993,1.6866400355082067
TRG,TRG PAKISTAN LTD,56.83,PKR,58.6,PKR,56.83,PKR,57.41,PKR,7005673,1.020587717754704
TRIPF,TRI-PACK FILMS LTD,137.55,PKR,137.57,PKR,134,PKR,134.98,PKR,17439,-0.6696592832437976
TRSM,TRUST MODARABA,34.93,PKR,35.45,PKR,34.3,PKR,34.78,PKR,588136,-0.4009163802978252
TSBL,TRUST SECURITIES & BROKERAGE LTD,12.53,PKR,13.29,PKR,12.53,PKR,13,PKR,105671,-1.5897047691143136
TSML,TANDLIANWALA SUGAR MILLS LTD,206.49,PKR,214,PKR,190.02,PKR,198.68,PKR,128,-3.7216514828455156
TSPL,TRI-STAR POWER CO LTD,8.75,PKR,8.8,PKR,8.61,PKR,8.62,PKR,24225,-1.1467889908257043
UBDL,UNITED BRANDS LTD,24.5,PKR,24.5,PKR,23.3,PKR,23.61,PKR,207237,-3.1185884283955745
UBL,UNITED BANK LTD,377.89,PKR,392,PKR,377.89,PKR,385.44,PKR,2697339,1.9979359072746068
UCAPM,UNICAP MODARABA,4.65,PKR,4.89,PKR,4.65,PKR,4.71,PKR,103959,-1.8749999999999971
UDLI,UDL INTERNATIONAL LIMITED,9.39,PKR,9.89,PKR,8.95,PKR,9.89,PKR,231300,11.248593925759279
UDPL,UNITED DISTRIBUTORS PAKISTAN LTD,85,PKR,85.99,PKR,84.51,PKR,84.89,PKR,6393,0.08252770572978943
UNIC,UNITED INSURANCE CO OF PAKISTAN LTD,15.84,PKR,15.94,PKR,15.65,PKR,15.66,PKR,85048,-1.1363636363636347
UNITY,UNITY FOODS LTD,28.1,PKR,29.3,PKR,27.95,PKR,28.7,PKR,26523358,2.4999999999999973
UPFL,UNILEVER PAKISTAN FOODS LTD,31177,PKR,32001,PKR,31177,PKR,31778.25,PKR,59,-0.3816614420062696
UVIC,UNIVERSAL INSURANCE CO LTD,8.78,PKR,9,PKR,8.5,PKR,8.8,PKR,64205,-2.2222222222222143
WAFI,WAFI ENERGY PAKISTAN LTD,179,PKR,183.5,PKR,176.15,PKR,179.58,PKR,160993,1.3030969707226276
WAHN,WAH NOBEL CHEMICALS LTD,390,PKR,400,PKR,390,PKR,397.22,PKR,24479,2.389483180822281
WASL,WASL MOBILITY MODARABA,4.63,PKR,4.7,PKR,4.5,PKR,4.56,PKR,1193568,-1.084598698481577
WAVES,WAVES CORPORATION LTD ,8.26,PKR,8.75,PKR,8.26,PKR,8.58,PKR,3610791,3.4981905910735938
WAVESAPP,WAVES HOME APPLIANCES LTD,9.12,PKR,9.44,PKR,9.12,PKR,9.23,PKR,2835704,0.9846827133479196
WTL,WORLDCALL TELECOM LTD,1.41,PKR,1.5,PKR,1.4,PKR,1.45,PKR,52322337,3.5714285714285747
YOUW,YOUSAF WEAVING MILLS LTD,5.85,PKR,5.85,PKR,5.44,PKR,5.55,PKR,8558360,-2.4604569420035247
ZAHID,ZAHIDJEE TEXTILE MILLS LIMITED,92.5,PKR,97,PKR,86.51,PKR,90.01,PKR,69267,-0.7826278659611925
ZAL,ZAREA LIMITED,29.69,PKR,29.73,PKR,28.02,PKR,29.73,PKR,2103605,9.988901220865703
ZIL,ZIL LTD,328.01,PKR,336,PKR,328.01,PKR,336,PKR,808,-0.33813845880049426
ZTL,ZEPHYR TEXTILES LTD,19.45,PKR,19.5,PKR,18.51,PKR,19.4,PKR,7342,2.1052631578947296